Value,Count,TERTV8,SECV8N,SECV8,PRIMV8N,PRIMV8,SIMPN,SIMP,AGIND
0,168822267,No data/offshore,0,No data/offshore,0,No data/offshore,0,No data/offshore,No data/offshore
111,2471378,1.1.1 Strict nature reserves,11,1.1 Nature conservation,1,1 Conservation and natural environments,1,Nature conservation,Not agricultural industry
112,616492,1.1.2 Wilderness area,11,1.1 Nature conservation,1,1 Conservation and natural environments,1,Nature conservation,Not agricultural industry
113,6165243,1.1.3 National park,11,1.1 Nature conservation,1,1 Conservation and natural environments,1,Nature conservation,Not agricultural industry
114,293205,1.1.4 Natural feature protection,11,1.1 Nature conservation,1,1 Conservation and natural environments,1,Nature conservation,Not agricultural industry
115,417820,1.1.5 Habitat/species management area,11,1.1 Nature conservation,1,1 Conservation and natural environments,1,Nature conservation,Not agricultural industry
116,1216024,1.1.6 Protected landscape,11,1.1 Nature conservation,1,1 Conservation and natural environments,1,Nature conservation,Not agricultural industry
117,366085,1.1.7 Other conserved area,11,1.1 Nature conservation,1,1 Conservation and natural environments,1,Nature conservation,Not agricultural industry
120,6648114,1.2.0 Managed resource protection,12,1.2 Managed resource protection,1,1 Conservation and natural environments,2,Managed resource protection,Not agricultural industry
125,17539682,1.2.5 Traditional indigenous uses,12,1.2 Managed resource protection,1,1 Conservation and natural environments,2,Managed resource protection,Not agricultural industry
130,11334404,1.3.0 Other minimal use,13,1.3 Other minimal use,1,1 Conservation and natural environments,3,Other minimal use,Not agricultural industry
131,437804,1.3.1 Defence land - natural areas,13,1.3 Other minimal use,1,1 Conservation and natural environments,3,Other minimal use,Not agricultural industry
132,96435,1.3.2 Stock route,13,1.3 Other minimal use,1,1 Conservation and natural environments,3,Other minimal use,Not agricultural industry
133,1409471,1.3.3 Residual native cover,13,1.3 Other minimal use,1,1 Conservation and natural environments,3,Other minimal use,Not agricultural industry
134,46,1.3.4 Rehabilitation,13,1.3 Other minimal use,1,1 Conservation and natural environments,3,Other minimal use,Not agricultural industry
210,53341743,2.1.0 Grazing native vegetation,21,2.1 Grazing native vegetation,2,2 Production from relatively natural environments,4,Grazing native vegetation,Grazing native vegetation
220,1377210,2.2.0 Production native forests,22,2.2 Production native forests,2,2 Production from relatively natural environments,5,Production native forests,Not agricultural industry
310,6288,3.1.0 Plantation forests,31,3.1 Plantation forests,3,3 Production from dryland agriculture and plantations,6,Plantation forests,Not agricultural industry
311,156765,3.1.1 Hardwood plantation forestry,31,3.1 Plantation forests,3,3 Production from dryland agriculture and plantations,6,Plantation forests,Not agricultural industry
312,202459,3.1.2 Softwood plantation forestry,31,3.1 Plantation forests,3,3 Production from dryland agriculture and plantations,6,Plantation forests,Not agricultural industry
313,3882,3.1.3 Other forest plantation,31,3.1 Plantation forests,3,3 Production from dryland agriculture and plantations,6,Plantation forests,Not agricultural industry
314,2863,3.1.4 Environmental forest plantation,31,3.1 Plantation forests,3,3 Production from dryland agriculture and plantations,6,Plantation forests,Not agricultural industry
320,7632713,3.2.0 Grazing modified pastures,32,3.2 Grazing modified pastures,3,3 Production from dryland agriculture and plantations,7,Grazing modified pastures,Grazing modified pastures
330,21271,3.3.0 Cropping,33,3.3 Cropping,3,3 Production from dryland agriculture and plantations,8,Dryland cropping,Cropping
331,4234089,3.3.1 Cereals,33,3.3 Cropping,3,3 Production from dryland agriculture and plantations,8,Dryland cropping,Cropping
333,320904,3.3.3 Hay and silage,33,3.3 Cropping,3,3 Production from dryland agriculture and plantations,8,Dryland cropping,Cropping
334,558178,3.3.4 Oilseeds,33,3.3 Cropping,3,3 Production from dryland agriculture and plantations,8,Dryland cropping,Cropping
335,47634,3.3.5 Sugar,33,3.3 Cropping,3,3 Production from dryland agriculture and plantations,8,Dryland cropping,Cropping
336,30384,3.3.6 Cotton,33,3.3 Cropping,3,3 Production from dryland agriculture and plantations,8,Dryland cropping,Cropping
338,528679,3.3.8 Pulses,33,3.3 Cropping,3,3 Production from dryland agriculture and plantations,8,Dryland cropping,Cropping
340,609,3.4.0 Perennial horticulture,34,3.4 Perennial horticulture,3,3 Production from dryland agriculture and plantations,9,Dryland horticulture,Horticulture
341,4633,3.4.1 Tree fruits,34,3.4 Perennial horticulture,3,3 Production from dryland agriculture and plantations,9,Dryland horticulture,Horticulture
343,2534,3.4.3 Tree nuts,34,3.4 Perennial horticulture,3,3 Production from dryland agriculture and plantations,9,Dryland horticulture,Horticulture
345,248,3.4.5 Shrub berries and fruits,34,3.4 Perennial horticulture,3,3 Production from dryland agriculture and plantations,9,Dryland horticulture,Horticulture
348,808,3.4.8 Citrus,34,3.4 Perennial horticulture,3,3 Production from dryland agriculture and plantations,9,Dryland horticulture,Horticulture
349,5516,3.4.9 Grapes,34,3.4 Perennial horticulture,3,3 Production from dryland agriculture and plantations,9,Dryland horticulture,Horticulture
353,4850,3.5.4 Seasonal vegetables and herbs,35,3.5 Seasonal horticulture,3,3 Production from dryland agriculture and plantations,9,Dryland horticulture,Horticulture
410,191,4.1.0 Irrigated plantation forests,41,4.1 Irrigated plantation forests,4,4 Production from irrigated agriculture and plantations,6,Plantation forests,Not agricultural industry
411,1114,4.1.1 Irrigated hardwood plantation forestry,41,4.1 Irrigated plantation forests,4,4 Production from irrigated agriculture and plantations,6,Plantation forests,Not agricultural industry
412,3,4.1.2 Irrigated softwood plantation forestry,41,4.1 Irrigated plantation forests,4,4 Production from irrigated agriculture and plantations,6,Plantation forests,Not agricultural industry
413,1199,4.1.3 Irrigated other forest production,41,4.1 Irrigated plantation forests,4,4 Production from irrigated agriculture and plantations,6,Plantation forests,Not agricultural industry
414,24,4.1.4 Irrigated environmental forest plantation,41,4.1 Irrigated plantation forests,4,4 Production from irrigated agriculture and plantations,6,Plantation forests,Not agricultural industry
420,104123,4.2.0 Grazing irrigated modified pastures,42,4.2 Grazing irrigated modified pastures,4,4 Production from irrigated agriculture and plantations,11,Irrigated pastures,Grazing modified pastures
430,19200,4.3.0 Irrigated cropping,43,4.3 Irrigated cropping,4,4 Production from irrigated agriculture and plantations,12,Irrigated cropping,Cropping
431,72050,4.3.1 Irrigated cereals,43,4.3 Irrigated cropping,4,4 Production from irrigated agriculture and plantations,12,Irrigated cropping,Cropping
433,44152,4.3.3 Irrigated hay and silage,43,4.3 Irrigated cropping,4,4 Production from irrigated agriculture and plantations,12,Irrigated cropping,Cropping
434,10631,4.3.4 Irrigated oilseeds,43,4.3 Irrigated cropping,4,4 Production from irrigated agriculture and plantations,12,Irrigated cropping,Cropping
435,23813,4.3.5 Irrigated sugar,43,4.3 Irrigated cropping,4,4 Production from irrigated agriculture and plantations,12,Irrigated cropping,Cropping
436,45034,4.3.6 Irrigated cotton,43,4.3 Irrigated cropping,4,4 Production from irrigated agriculture and plantations,12,Irrigated cropping,Cropping
438,5850,4.3.8 Irrigated pulses,43,4.3 Irrigated cropping,4,4 Production from irrigated agriculture and plantations,12,Irrigated cropping,Cropping
439,10874,4.3.9 Irrigated rice,43,4.3 Irrigated cropping,4,4 Production from irrigated agriculture and plantations,12,Irrigated cropping,Cropping
440,1216,4.4.0 Irrigated perennial horticulture,44,4.4 Irrigated perennial horticulture,4,4 Production from irrigated agriculture and plantations,13,Irrigated horticulture,Horticulture
441,21940,4.4.1 Irrigated tree fruits,44,4.4 Irrigated perennial horticulture,4,4 Production from irrigated agriculture and plantations,13,Irrigated horticulture,Horticulture
442,4093,4.4.2 Irrigated olives,44,4.4 Irrigated perennial horticulture,4,4 Production from irrigated agriculture and plantations,13,Irrigated horticulture,Horticulture
443,18974,4.4.3 Irrigated tree nuts,44,4.4 Irrigated perennial horticulture,4,4 Production from irrigated agriculture and plantations,13,Irrigated horticulture,Horticulture
445,807,4.4.5 Irrigated shrub berries and fruits,44,4.4 Irrigated perennial horticulture,4,4 Production from irrigated agriculture and plantations,13,Irrigated horticulture,Horticulture
448,9321,4.4.8 Irrigated citrus,44,4.4 Irrigated perennial horticulture,4,4 Production from irrigated agriculture and plantations,13,Irrigated horticulture,Horticulture
449,34172,4.4.9 Irrigated grapes,44,4.4 Irrigated perennial horticulture,4,4 Production from irrigated agriculture and plantations,13,Irrigated horticulture,Horticulture
453,24897,4.5.3 Irrigated seasonal vegetables and herbs,45,4.5 Irrigated seasonal horticulture,4,4 Production from irrigated agriculture and plantations,13,Irrigated horticulture,Horticulture
510,302,5.1.0 Intensive horticulture,51,5.1 Intensive horticulture,5,5 Intensive uses,14,Intensive horticulture and animal production,Intensive plant and animal industries
511,456,5.1.1 Production nurseries,51,5.1 Intensive horticulture,5,5 Intensive uses,14,Intensive horticulture and animal production,Intensive plant and animal industries
512,121,5.1.2 Shadehouses,51,5.1 Intensive horticulture,5,5 Intensive uses,14,Intensive horticulture and animal production,Intensive plant and animal industries
513,812,5.1.3 Glasshouses,51,5.1 Intensive horticulture,5,5 Intensive uses,14,Intensive horticulture and animal production,Intensive plant and animal industries
514,6,5.1.4 Glasshouses (hydroponic),51,5.1 Intensive horticulture,5,5 Intensive uses,14,Intensive horticulture and animal production,Intensive plant and animal industries
515,28,5.1.5 Abandoned intensive horticulture,51,5.1 Intensive horticulture,5,5 Intensive uses,14,Intensive horticulture and animal production,Intensive plant and animal industries
520,1392,5.2.0 Intensive animal production,52,5.2 Intensive animal production,5,5 Intensive uses,14,Intensive horticulture and animal production,Intensive plant and animal industries
521,385,5.2.1 Dairy sheds and yards,52,5.2 Intensive animal production,5,5 Intensive uses,14,Intensive horticulture and animal production,Intensive plant and animal industries
522,1850,5.2.2 Feedlots,52,5.2 Intensive animal production,5,5 Intensive uses,14,Intensive horticulture and animal production,Intensive plant and animal industries
523,3494,5.2.3 Poultry farms,52,5.2 Intensive animal production,5,5 Intensive uses,14,Intensive horticulture and animal production,Intensive plant and animal industries
524,2827,5.2.4 Piggeries,52,5.2 Intensive animal production,5,5 Intensive uses,14,Intensive horticulture and animal production,Intensive plant and animal industries
525,1742,5.2.5 Aquaculture,52,5.2 Intensive animal production,5,5 Intensive uses,14,Intensive horticulture and animal production,Intensive plant and animal industries
526,7606,5.2.6 Horse studs,52,5.2 Intensive animal production,5,5 Intensive uses,14,Intensive horticulture and animal production,Intensive plant and animal industries
527,322,5.2.7 Saleyards/stockyards,52,5.2 Intensive animal production,5,5 Intensive uses,14,Intensive horticulture and animal production,Intensive plant and animal industries
528,196,5.2.8 Abandoned intensive animal production,52,5.2 Intensive animal production,5,5 Intensive uses,14,Intensive horticulture and animal production,Intensive plant and animal industries
530,18464,5.3.0 Manufacturing and industrial,53,5.3 Manufacturing and industrial,5,5 Intensive uses,17,Other intensive uses,Not agricultural industry
531,2341,5.3.1 General purpose factory,53,5.3 Manufacturing and industrial,5,5 Intensive uses,17,Other intensive uses,Not agricultural industry
532,467,5.3.2 Food processing factory,53,5.3 Manufacturing and industrial,5,5 Intensive uses,17,Other intensive uses,Not agricultural industry
533,1351,5.3.3 Major industrial complex,53,5.3 Manufacturing and industrial,5,5 Intensive uses,17,Other intensive uses,Not agricultural industry
534,913,5.3.4 Bulk grain storage,53,5.3 Manufacturing and industrial,5,5 Intensive uses,17,Other intensive uses,Not agricultural industry
535,424,5.3.5 Abattoirs,53,5.3 Manufacturing and industrial,5,5 Intensive uses,17,Other intensive uses,Not agricultural industry
536,180,5.3.6 Oil refinery,53,5.3 Manufacturing and industrial,5,5 Intensive uses,17,Other intensive uses,Not agricultural industry
537,272,5.3.7 Sawmill,53,5.3 Manufacturing and industrial,5,5 Intensive uses,17,Other intensive uses,Not agricultural industry
538,1697,5.3.8 Abandoned manufacturing and industrial,53,5.3 Manufacturing and industrial,5,5 Intensive uses,17,Other intensive uses,Not agricultural industry
540,13097,5.4.0 Residential and farm infrastructure,54,5.4.0; 5.4.1 Urban residential,5,5 Intensive uses,16,Urban residential,Not agricultural industry
541,236289,5.4.1 Urban residential,54,5.4.0; 5.4.1 Urban residential,5,5 Intensive uses,16,Urban residential,Not agricultural industry
542,136177,5.4.2 Rural residential with agriculture,70,5.4.2; 5.4.3; 5.4.4; 5.4.5 Rural residential and farm infrastructure,5,5 Intensive uses,15,Rural residential and farm infrastructure,Not agricultural industry
543,207525,5.4.3 Rural residential without agriculture,70,5.4.2; 5.4.3; 5.4.4; 5.4.5 Rural residential and farm infrastructure,5,5 Intensive uses,15,Rural residential and farm infrastructure,Not agricultural industry
544,1461,5.4.4 Remote communities,70,5.4.2; 5.4.3; 5.4.4; 5.4.5 Rural residential and farm infrastructure,5,5 Intensive uses,15,Rural residential and farm infrastructure,Not agricultural industry
545,14805,5.4.5 Farm buildings/infrastructure,70,5.4.2; 5.4.3; 5.4.4; 5.4.5 Rural residential and farm infrastructure,5,5 Intensive uses,15,Rural residential and farm infrastructure,Not agricultural industry
550,2653,5.5.0 Services,55,5.5 Services,5,5 Intensive uses,17,Other intensive uses,Not agricultural industry
551,18555,5.5.1 Commercial services,55,5.5 Services,5,5 Intensive uses,17,Other intensive uses,Not agricultural industry
552,18976,5.5.2 Public services,55,5.5 Services,5,5 Intensive uses,17,Other intensive uses,Not agricultural industry
553,65544,5.5.3 Recreation and culture,55,5.5 Services,5,5 Intensive uses,17,Other intensive uses,Not agricultural industry
554,8242,5.5.4 Defence facilities - urban,55,5.5 Services,5,5 Intensive uses,17,Other intensive uses,Not agricultural industry
555,1260,5.5.5 Research facilities,55,5.5 Services,5,5 Intensive uses,17,Other intensive uses,Not agricultural industry
560,667,5.6.0 Utilities,56,5.6 Utilities,5,5 Intensive uses,17,Other intensive uses,Not agricultural industry
561,512,5.6.1 Fuel powered electricity generation,56,5.6 Utilities,5,5 Intensive uses,17,Other intensive uses,Not agricultural industry
562,22,5.6.2 Hydro electricity generation,56,5.6 Utilities,5,5 Intensive uses,17,Other intensive uses,Not agricultural industry
563,968,5.6.3 Wind electricity generation,56,5.6 Utilities,5,5 Intensive uses,17,Other intensive uses,Not agricultural industry
564,1308,5.6.4 Solar electricity generation,56,5.6 Utilities,5,5 Intensive uses,17,Other intensive uses,Not agricultural industry
565,976,5.6.5 Electricity substations and transmission,56,5.6 Utilities,5,5 Intensive uses,17,Other intensive uses,Not agricultural industry
566,1033,"5.6.6 Gas treatment, storage and transmission",56,5.6 Utilities,5,5 Intensive uses,17,Other intensive uses,Not agricultural industry
567,1111,5.6.7 Water extraction and transmission,56,5.6 Utilities,5,5 Intensive uses,17,Other intensive uses,Not agricultural industry
570,2264,5.7.0 Transport and communication,57,5.7 Transport and communication,5,5 Intensive uses,17,Other intensive uses,Not agricultural industry
571,13855,5.7.1 Airports/aerodromes,57,5.7 Transport and communication,5,5 Intensive uses,17,Other intensive uses,Not agricultural industry
572,7254,5.7.2 Roads,57,5.7 Transport and communication,5,5 Intensive uses,17,Other intensive uses,Not agricultural industry
573,737,5.7.3 Railways,57,5.7 Transport and communication,5,5 Intensive uses,17,Other intensive uses,Not agricultural industry
574,383,5.7.4 Ports and water transport,57,5.7 Transport and communication,5,5 Intensive uses,17,Other intensive uses,Not agricultural industry
575,2833,5.7.5 Navigation and communication,57,5.7 Transport and communication,5,5 Intensive uses,17,Other intensive uses,Not agricultural industry
580,35379,5.8.0 Mining,58,5.8 Mining,5,5 Intensive uses,18,Mining and waste,Not agricultural industry
581,37355,5.8.1 Mines,58,5.8 Mining,5,5 Intensive uses,18,Mining and waste,Not agricultural industry
582,13257,5.8.2 Quarries,58,5.8 Mining,5,5 Intensive uses,18,Mining and waste,Not agricultural industry
583,3442,5.8.3 Tailings,58,5.8 Mining,5,5 Intensive uses,18,Mining and waste,Not agricultural industry
584,12193,5.8.4 Extractive industry not in use,58,5.8 Mining,5,5 Intensive uses,18,Mining and waste,Not agricultural industry
590,1713,5.9.0 Waste treatment and disposal,59,5.9 Waste treatment and disposal,5,5 Intensive uses,18,Mining and waste,Not agricultural industry
591,3876,5.9.1 Effluent pond,59,5.9 Waste treatment and disposal,5,5 Intensive uses,18,Mining and waste,Not agricultural industry
592,1299,5.9.2 Landfill,59,5.9 Waste treatment and disposal,5,5 Intensive uses,18,Mining and waste,Not agricultural industry
593,484,5.9.3 Solid garbage,59,5.9 Waste treatment and disposal,5,5 Intensive uses,18,Mining and waste,Not agricultural industry
595,2519,5.9.5 Sewage/sewerage,59,5.9 Waste treatment and disposal,5,5 Intensive uses,18,Mining and waste,Not agricultural industry
600,9454,6.0.0 Water,62,6.0 Water,6,6 Water,19,Water,Not agricultural industry
610,828994,6.1.0 Lake,61,6.1 Lake,6,6 Water,19,Water,Not agricultural industry
611,810218,6.1.1 Lake - conservation,61,6.1 Lake,6,6 Water,19,Water,Not agricultural industry
612,59968,6.1.2 Lake - production,61,6.1 Lake,6,6 Water,19,Water,Not agricultural industry
613,374,6.1.3 Lake - intensive use,61,6.1 Lake,6,6 Water,19,Water,Not agricultural industry
614,410,6.1.4 Lake - saline,61,6.1 Lake,6,6 Water,19,Water,Not agricultural industry
620,17601,6.2.0 Reservoir/dam,62,6.2 Reservoir/dam,6,6 Water,19,Water,Not agricultural industry
621,110637,6.2.1 Reservoir,62,6.2 Reservoir/dam,6,6 Water,19,Water,Not agricultural industry
622,22754,6.2.2 Water storage - intensive use/farm dams,62,6.2 Reservoir/dam,6,6 Water,19,Water,Not agricultural industry
623,5839,6.2.3 Evaporation basin,62,6.2 Reservoir/dam,6,6 Water,19,Water,Not agricultural industry
630,361559,6.3.0 River,63,6.3 River,6,6 Water,19,Water,Not agricultural industry
631,46713,6.3.1 River - conservation,63,6.3 River,6,6 Water,19,Water,Not agricultural industry
632,14,6.3.2 River - production,63,6.3 River,6,6 Water,19,Water,Not agricultural industry
633,1860,6.3.3 River - intensive use,63,6.3 River,6,6 Water,19,Water,Not agricultural industry
640,1283,6.4.0 Channel/aqueduct,64,6.4 Channel/aqueduct,6,6 Water,19,Water,Not agricultural industry
641,126,6.4.1 Supply channel/aqueduct,64,6.4 Channel/aqueduct,6,6 Water,19,Water,Not agricultural industry
642,381,6.4.2 Drainage channel/aqueduct,64,6.4 Channel/aqueduct,6,6 Water,19,Water,Not agricultural industry
643,17,6.4.3 Stormwater,64,6.4 Channel/aqueduct,6,6 Water,19,Water,Not agricultural industry
650,399854,6.5.0 Marsh/wetland,65,6.5 Marsh/wetland,6,6 Water,19,Water,Not agricultural industry
651,366675,6.5.1 Marsh/wetland - conservation,65,6.5 Marsh/wetland,6,6 Water,19,Water,Not agricultural industry
652,761819,6.5.2 Marsh/wetland - production,65,6.5 Marsh/wetland,6,6 Water,19,Water,Not agricultural industry
653,605,6.5.3 Marsh/wetland - intensive use,65,6.5 Marsh/wetland,6,6 Water,19,Water,Not agricultural industry
654,14109,6.5.4 Marsh/wetland - saline,65,6.5 Marsh/wetland,6,6 Water,19,Water,Not agricultural industry
660,168075,6.6.0 Estuary/coastal waters,66,6.6 Estuary/coastal waters,6,6 Water,19,Water,Not agricultural industry
661,280340,6.6.1 Estuary/coastal waters - conservation,66,6.6 Estuary/coastal waters,6,6 Water,19,Water,Not agricultural industry
662,329,6.6.2 Estuary/coastal waters - production,66,6.6 Estuary/coastal waters,6,6 Water,19,Water,Not agricultural industry
663,389,6.6.3 Estuary/coastal waters - intensive use,66,6.6 Estuary/coastal waters,6,6 Water,19,Water,Not agricultural industry
