<PAMDataset>
  <PAMRasterBand band="1">
    <GDALRasterAttributeTable tableType="thematic">
      <FieldDefn index="0">
        <Name>Value</Name>
        <Type>0</Type>
        <Usage>0</Usage>
      </FieldDefn>
      <FieldDefn index="1">
        <Name>Count</Name>
        <Type>0</Type>
        <Usage>0</Usage>
      </FieldDefn>
      <FieldDefn index="2">
        <Name>TERTV8</Name>
        <Type>2</Type>
        <Usage>0</Usage>
      </FieldDefn>
      <FieldDefn index="3">
        <Name>SECV8N</Name>
        <Type>0</Type>
        <Usage>0</Usage>
      </FieldDefn>
      <FieldDefn index="4">
        <Name>SECV8</Name>
        <Type>2</Type>
        <Usage>0</Usage>
      </FieldDefn>
      <FieldDefn index="5">
        <Name>PRIMV8N</Name>
        <Type>0</Type>
        <Usage>0</Usage>
      </FieldDefn>
      <FieldDefn index="6">
        <Name>PRIMV8</Name>
        <Type>2</Type>
        <Usage>0</Usage>
      </FieldDefn>
      <FieldDefn index="7">
        <Name>SIMPN</Name>
        <Type>0</Type>
        <Usage>0</Usage>
      </FieldDefn>
      <FieldDefn index="8">
        <Name>SIMP</Name>
        <Type>2</Type>
        <Usage>0</Usage>
      </FieldDefn>
      <FieldDefn index="9">
        <Name>AGIND</Name>
        <Type>2</Type>
        <Usage>0</Usage>
      </FieldDefn>
      <Row index="0">
        <F>0</F>
        <F>168822267</F>
        <F>No data/offshore</F>
        <F>0</F>
        <F>No data/offshore</F>
        <F>0</F>
        <F>No data/offshore</F>
        <F>0</F>
        <F>No data/offshore</F>
        <F>No data/offshore</F>
      </Row>
      <Row index="1">
        <F>111</F>
        <F>2490905</F>
        <F>1.1.1 Strict nature reserves</F>
        <F>11</F>
        <F>1.1 Nature conservation</F>
        <F>1</F>
        <F>1 Conservation and natural environments</F>
        <F>1</F>
        <F>Nature conservation</F>
        <F>Not agricultural industry</F>
      </Row>
      <Row index="2">
        <F>112</F>
        <F>469407</F>
        <F>1.1.2 Wilderness area</F>
        <F>11</F>
        <F>1.1 Nature conservation</F>
        <F>1</F>
        <F>1 Conservation and natural environments</F>
        <F>1</F>
        <F>Nature conservation</F>
        <F>Not agricultural industry</F>
      </Row>
      <Row index="3">
        <F>113</F>
        <F>5512447</F>
        <F>1.1.3 National park</F>
        <F>11</F>
        <F>1.1 Nature conservation</F>
        <F>1</F>
        <F>1 Conservation and natural environments</F>
        <F>1</F>
        <F>Nature conservation</F>
        <F>Not agricultural industry</F>
      </Row>
      <Row index="4">
        <F>114</F>
        <F>138987</F>
        <F>1.1.4 Natural feature protection</F>
        <F>11</F>
        <F>1.1 Nature conservation</F>
        <F>1</F>
        <F>1 Conservation and natural environments</F>
        <F>1</F>
        <F>Nature conservation</F>
        <F>Not agricultural industry</F>
      </Row>
      <Row index="5">
        <F>115</F>
        <F>674568</F>
        <F>1.1.5 Habitat/species management area</F>
        <F>11</F>
        <F>1.1 Nature conservation</F>
        <F>1</F>
        <F>1 Conservation and natural environments</F>
        <F>1</F>
        <F>Nature conservation</F>
        <F>Not agricultural industry</F>
      </Row>
      <Row index="6">
        <F>116</F>
        <F>477104</F>
        <F>1.1.6 Protected landscape</F>
        <F>11</F>
        <F>1.1 Nature conservation</F>
        <F>1</F>
        <F>1 Conservation and natural environments</F>
        <F>1</F>
        <F>Nature conservation</F>
        <F>Not agricultural industry</F>
      </Row>
      <Row index="7">
        <F>117</F>
        <F>596054</F>
        <F>1.1.7 Other conserved area</F>
        <F>11</F>
        <F>1.1 Nature conservation</F>
        <F>1</F>
        <F>1 Conservation and natural environments</F>
        <F>1</F>
        <F>Nature conservation</F>
        <F>Not agricultural industry</F>
      </Row>
      <Row index="8">
        <F>120</F>
        <F>2780929</F>
        <F>1.2.0 Managed resource protection</F>
        <F>12</F>
        <F>1.2 Managed resource protection</F>
        <F>1</F>
        <F>1 Conservation and natural environments</F>
        <F>2</F>
        <F>Managed resource protection</F>
        <F>Not agricultural industry</F>
      </Row>
      <Row index="9">
        <F>125</F>
        <F>17131946</F>
        <F>1.2.5 Traditional indigenous uses</F>
        <F>12</F>
        <F>1.2 Managed resource protection</F>
        <F>1</F>
        <F>1 Conservation and natural environments</F>
        <F>2</F>
        <F>Managed resource protection</F>
        <F>Not agricultural industry</F>
      </Row>
      <Row index="10">
        <F>130</F>
        <F>792809</F>
        <F>1.3.0 Other minimal use</F>
        <F>13</F>
        <F>1.3 Other minimal use</F>
        <F>1</F>
        <F>1 Conservation and natural environments</F>
        <F>3</F>
        <F>Other minimal use</F>
        <F>Not agricultural industry</F>
      </Row>
      <Row index="11">
        <F>131</F>
        <F>514524</F>
        <F>1.3.1 Defence land - natural areas</F>
        <F>13</F>
        <F>1.3 Other minimal use</F>
        <F>1</F>
        <F>1 Conservation and natural environments</F>
        <F>3</F>
        <F>Other minimal use</F>
        <F>Not agricultural industry</F>
      </Row>
      <Row index="12">
        <F>132</F>
        <F>1259511</F>
        <F>1.3.2 Stock route</F>
        <F>13</F>
        <F>1.3 Other minimal use</F>
        <F>1</F>
        <F>1 Conservation and natural environments</F>
        <F>3</F>
        <F>Other minimal use</F>
        <F>Not agricultural industry</F>
      </Row>
      <Row index="13">
        <F>133</F>
        <F>17345877</F>
        <F>1.3.3 Residual native cover</F>
        <F>13</F>
        <F>1.3 Other minimal use</F>
        <F>1</F>
        <F>1 Conservation and natural environments</F>
        <F>3</F>
        <F>Other minimal use</F>
        <F>Not agricultural industry</F>
      </Row>
      <Row index="14">
        <F>134</F>
        <F>46</F>
        <F>1.3.4 Rehabilitation</F>
        <F>13</F>
        <F>1.3 Other minimal use</F>
        <F>1</F>
        <F>1 Conservation and natural environments</F>
        <F>3</F>
        <F>Other minimal use</F>
        <F>Not agricultural industry</F>
      </Row>
      <Row index="15">
        <F>210</F>
        <F>53397769</F>
        <F>2.1.0 Grazing native vegetation</F>
        <F>21</F>
        <F>2.1 Grazing native vegetation</F>
        <F>2</F>
        <F>2 Production from relatively natural environments</F>
        <F>4</F>
        <F>Grazing native vegetation</F>
        <F>Grazing native vegetation</F>
      </Row>
      <Row index="16">
        <F>220</F>
        <F>1245477</F>
        <F>2.2.0 Production native forests</F>
        <F>22</F>
        <F>2.2 Production native forests</F>
        <F>2</F>
        <F>2 Production from relatively natural environments</F>
        <F>5</F>
        <F>Production native forests</F>
        <F>Not agricultural industry</F>
      </Row>
      <Row index="17">
        <F>221</F>
        <F>3492</F>
        <F>2.2.1 Wood production forestry</F>
        <F>22</F>
        <F>2.2 Production native forests</F>
        <F>2</F>
        <F>2 Production from relatively natural environments</F>
        <F>5</F>
        <F>Production native forests</F>
        <F>Not agricultural industry</F>
      </Row>
      <Row index="18">
        <F>310</F>
        <F>5224</F>
        <F>3.1.0 Plantation forests</F>
        <F>31</F>
        <F>3.1 Plantation forests</F>
        <F>3</F>
        <F>3 Production from dryland agriculture and plantations</F>
        <F>6</F>
        <F>Plantation forests</F>
        <F>Not agricultural industry</F>
      </Row>
      <Row index="19">
        <F>311</F>
        <F>202405</F>
        <F>3.1.1 Hardwood plantation forestry</F>
        <F>31</F>
        <F>3.1 Plantation forests</F>
        <F>3</F>
        <F>3 Production from dryland agriculture and plantations</F>
        <F>6</F>
        <F>Plantation forests</F>
        <F>Not agricultural industry</F>
      </Row>
      <Row index="20">
        <F>312</F>
        <F>196183</F>
        <F>3.1.2 Softwood plantation forestry</F>
        <F>31</F>
        <F>3.1 Plantation forests</F>
        <F>3</F>
        <F>3 Production from dryland agriculture and plantations</F>
        <F>6</F>
        <F>Plantation forests</F>
        <F>Not agricultural industry</F>
      </Row>
      <Row index="21">
        <F>313</F>
        <F>3404</F>
        <F>3.1.3 Other forest plantation</F>
        <F>31</F>
        <F>3.1 Plantation forests</F>
        <F>3</F>
        <F>3 Production from dryland agriculture and plantations</F>
        <F>6</F>
        <F>Plantation forests</F>
        <F>Not agricultural industry</F>
      </Row>
      <Row index="22">
        <F>314</F>
        <F>1808</F>
        <F>3.1.4 Environmental forest plantation</F>
        <F>31</F>
        <F>3.1 Plantation forests</F>
        <F>3</F>
        <F>3 Production from dryland agriculture and plantations</F>
        <F>6</F>
        <F>Plantation forests</F>
        <F>Not agricultural industry</F>
      </Row>
      <Row index="23">
        <F>320</F>
        <F>7327304</F>
        <F>3.2.0 Grazing modified pastures</F>
        <F>32</F>
        <F>3.2 Grazing modified pastures</F>
        <F>3</F>
        <F>3 Production from dryland agriculture and plantations</F>
        <F>7</F>
        <F>Grazing modified pastures</F>
        <F>Grazing modified pastures</F>
      </Row>
      <Row index="24">
        <F>330</F>
        <F>19885</F>
        <F>3.3.0 Cropping</F>
        <F>33</F>
        <F>3.3 Cropping</F>
        <F>3</F>
        <F>3 Production from dryland agriculture and plantations</F>
        <F>8</F>
        <F>Dryland cropping</F>
        <F>Cropping</F>
      </Row>
      <Row index="25">
        <F>331</F>
        <F>3957972</F>
        <F>3.3.1 Cereals</F>
        <F>33</F>
        <F>3.3 Cropping</F>
        <F>3</F>
        <F>3 Production from dryland agriculture and plantations</F>
        <F>8</F>
        <F>Dryland cropping</F>
        <F>Cropping</F>
      </Row>
      <Row index="26">
        <F>333</F>
        <F>224607</F>
        <F>3.3.3 Hay and silage</F>
        <F>33</F>
        <F>3.3 Cropping</F>
        <F>3</F>
        <F>3 Production from dryland agriculture and plantations</F>
        <F>8</F>
        <F>Dryland cropping</F>
        <F>Cropping</F>
      </Row>
      <Row index="27">
        <F>334</F>
        <F>397220</F>
        <F>3.3.4 Oilseeds</F>
        <F>33</F>
        <F>3.3 Cropping</F>
        <F>3</F>
        <F>3 Production from dryland agriculture and plantations</F>
        <F>8</F>
        <F>Dryland cropping</F>
        <F>Cropping</F>
      </Row>
      <Row index="28">
        <F>335</F>
        <F>43603</F>
        <F>3.3.5 Sugar</F>
        <F>33</F>
        <F>3.3 Cropping</F>
        <F>3</F>
        <F>3 Production from dryland agriculture and plantations</F>
        <F>8</F>
        <F>Dryland cropping</F>
        <F>Cropping</F>
      </Row>
      <Row index="29">
        <F>336</F>
        <F>59655</F>
        <F>3.3.6 Cotton</F>
        <F>33</F>
        <F>3.3 Cropping</F>
        <F>3</F>
        <F>3 Production from dryland agriculture and plantations</F>
        <F>8</F>
        <F>Dryland cropping</F>
        <F>Cropping</F>
      </Row>
      <Row index="30">
        <F>338</F>
        <F>455344</F>
        <F>3.3.8 Pulses</F>
        <F>33</F>
        <F>3.3 Cropping</F>
        <F>3</F>
        <F>3 Production from dryland agriculture and plantations</F>
        <F>8</F>
        <F>Dryland cropping</F>
        <F>Cropping</F>
      </Row>
      <Row index="31">
        <F>340</F>
        <F>1565</F>
        <F>3.4.0 Perennial horticulture</F>
        <F>34</F>
        <F>3.4 Perennial horticulture</F>
        <F>3</F>
        <F>3 Production from dryland agriculture and plantations</F>
        <F>9</F>
        <F>Dryland horticulture</F>
        <F>Horticulture</F>
      </Row>
      <Row index="32">
        <F>341</F>
        <F>5661</F>
        <F>3.4.1 Tree fruits</F>
        <F>34</F>
        <F>3.4 Perennial horticulture</F>
        <F>3</F>
        <F>3 Production from dryland agriculture and plantations</F>
        <F>9</F>
        <F>Dryland horticulture</F>
        <F>Horticulture</F>
      </Row>
      <Row index="33">
        <F>343</F>
        <F>3308</F>
        <F>3.4.3 Tree nuts</F>
        <F>34</F>
        <F>3.4 Perennial horticulture</F>
        <F>3</F>
        <F>3 Production from dryland agriculture and plantations</F>
        <F>9</F>
        <F>Dryland horticulture</F>
        <F>Horticulture</F>
      </Row>
      <Row index="34">
        <F>345</F>
        <F>229</F>
        <F>3.4.5 Shrub berries and fruits</F>
        <F>34</F>
        <F>3.4 Perennial horticulture</F>
        <F>3</F>
        <F>3 Production from dryland agriculture and plantations</F>
        <F>9</F>
        <F>Dryland horticulture</F>
        <F>Horticulture</F>
      </Row>
      <Row index="35">
        <F>348</F>
        <F>1896</F>
        <F>3.4.8 Citrus</F>
        <F>34</F>
        <F>3.4 Perennial horticulture</F>
        <F>3</F>
        <F>3 Production from dryland agriculture and plantations</F>
        <F>9</F>
        <F>Dryland horticulture</F>
        <F>Horticulture</F>
      </Row>
      <Row index="36">
        <F>349</F>
        <F>10824</F>
        <F>3.4.9 Grapes</F>
        <F>34</F>
        <F>3.4 Perennial horticulture</F>
        <F>3</F>
        <F>3 Production from dryland agriculture and plantations</F>
        <F>9</F>
        <F>Dryland horticulture</F>
        <F>Horticulture</F>
      </Row>
      <Row index="37">
        <F>353</F>
        <F>3203</F>
        <F>3.5.4 Seasonal vegetables and herbs</F>
        <F>35</F>
        <F>3.5 Seasonal horticulture</F>
        <F>3</F>
        <F>3 Production from dryland agriculture and plantations</F>
        <F>9</F>
        <F>Dryland horticulture</F>
        <F>Horticulture</F>
      </Row>
      <Row index="38">
        <F>410</F>
        <F>206</F>
        <F>4.1.0 Irrigated plantation forests</F>
        <F>41</F>
        <F>4.1 Irrigated plantation forests</F>
        <F>4</F>
        <F>4 Production from irrigated agriculture and plantations</F>
        <F>6</F>
        <F>Plantation forests</F>
        <F>Not agricultural industry</F>
      </Row>
      <Row index="39">
        <F>411</F>
        <F>8</F>
        <F>4.1.1 Irrigated hardwood plantation forestry</F>
        <F>41</F>
        <F>4.1 Irrigated plantation forests</F>
        <F>4</F>
        <F>4 Production from irrigated agriculture and plantations</F>
        <F>6</F>
        <F>Plantation forests</F>
        <F>Not agricultural industry</F>
      </Row>
      <Row index="40">
        <F>412</F>
        <F>11</F>
        <F>4.1.2 Irrigated softwood plantation forestry</F>
        <F>41</F>
        <F>4.1 Irrigated plantation forests</F>
        <F>4</F>
        <F>4 Production from irrigated agriculture and plantations</F>
        <F>6</F>
        <F>Plantation forests</F>
        <F>Not agricultural industry</F>
      </Row>
      <Row index="41">
        <F>413</F>
        <F>1130</F>
        <F>4.1.3 Irrigated other forest production</F>
        <F>41</F>
        <F>4.1 Irrigated plantation forests</F>
        <F>4</F>
        <F>4 Production from irrigated agriculture and plantations</F>
        <F>6</F>
        <F>Plantation forests</F>
        <F>Not agricultural industry</F>
      </Row>
      <Row index="42">
        <F>414</F>
        <F>8</F>
        <F>4.1.4 Irrigated environmental forest plantation</F>
        <F>41</F>
        <F>4.1 Irrigated plantation forests</F>
        <F>4</F>
        <F>4 Production from irrigated agriculture and plantations</F>
        <F>6</F>
        <F>Plantation forests</F>
        <F>Not agricultural industry</F>
      </Row>
      <Row index="43">
        <F>420</F>
        <F>94363</F>
        <F>4.2.0 Grazing irrigated modified pastures</F>
        <F>42</F>
        <F>4.2 Grazing irrigated modified pastures</F>
        <F>4</F>
        <F>4 Production from irrigated agriculture and plantations</F>
        <F>11</F>
        <F>Irrigated pastures</F>
        <F>Grazing modified pastures</F>
      </Row>
      <Row index="44">
        <F>430</F>
        <F>7044</F>
        <F>4.3.0 Irrigated cropping</F>
        <F>43</F>
        <F>4.3 Irrigated cropping</F>
        <F>4</F>
        <F>4 Production from irrigated agriculture and plantations</F>
        <F>12</F>
        <F>Irrigated cropping</F>
        <F>Cropping</F>
      </Row>
      <Row index="45">
        <F>431</F>
        <F>33010</F>
        <F>4.3.1 Irrigated cereals</F>
        <F>43</F>
        <F>4.3 Irrigated cropping</F>
        <F>4</F>
        <F>4 Production from irrigated agriculture and plantations</F>
        <F>12</F>
        <F>Irrigated cropping</F>
        <F>Cropping</F>
      </Row>
      <Row index="46">
        <F>433</F>
        <F>19216</F>
        <F>4.3.3 Irrigated hay and silage</F>
        <F>43</F>
        <F>4.3 Irrigated cropping</F>
        <F>4</F>
        <F>4 Production from irrigated agriculture and plantations</F>
        <F>12</F>
        <F>Irrigated cropping</F>
        <F>Cropping</F>
      </Row>
      <Row index="47">
        <F>434</F>
        <F>4717</F>
        <F>4.3.4 Irrigated oilseeds</F>
        <F>43</F>
        <F>4.3 Irrigated cropping</F>
        <F>4</F>
        <F>4 Production from irrigated agriculture and plantations</F>
        <F>12</F>
        <F>Irrigated cropping</F>
        <F>Cropping</F>
      </Row>
      <Row index="48">
        <F>435</F>
        <F>25279</F>
        <F>4.3.5 Irrigated sugar</F>
        <F>43</F>
        <F>4.3 Irrigated cropping</F>
        <F>4</F>
        <F>4 Production from irrigated agriculture and plantations</F>
        <F>12</F>
        <F>Irrigated cropping</F>
        <F>Cropping</F>
      </Row>
      <Row index="49">
        <F>436</F>
        <F>66753</F>
        <F>4.3.6 Irrigated cotton</F>
        <F>43</F>
        <F>4.3 Irrigated cropping</F>
        <F>4</F>
        <F>4 Production from irrigated agriculture and plantations</F>
        <F>12</F>
        <F>Irrigated cropping</F>
        <F>Cropping</F>
      </Row>
      <Row index="50">
        <F>438</F>
        <F>4162</F>
        <F>4.3.8 Irrigated pulses</F>
        <F>43</F>
        <F>4.3 Irrigated cropping</F>
        <F>4</F>
        <F>4 Production from irrigated agriculture and plantations</F>
        <F>12</F>
        <F>Irrigated cropping</F>
        <F>Cropping</F>
      </Row>
      <Row index="51">
        <F>439</F>
        <F>19030</F>
        <F>4.3.9 Irrigated rice</F>
        <F>43</F>
        <F>4.3 Irrigated cropping</F>
        <F>4</F>
        <F>4 Production from irrigated agriculture and plantations</F>
        <F>12</F>
        <F>Irrigated cropping</F>
        <F>Cropping</F>
      </Row>
      <Row index="52">
        <F>440</F>
        <F>1166</F>
        <F>4.4.0 Irrigated perennial horticulture</F>
        <F>44</F>
        <F>4.4 Irrigated perennial horticulture</F>
        <F>4</F>
        <F>4 Production from irrigated agriculture and plantations</F>
        <F>13</F>
        <F>Irrigated horticulture</F>
        <F>Horticulture</F>
      </Row>
      <Row index="53">
        <F>441</F>
        <F>9760</F>
        <F>4.4.1 Irrigated tree fruits</F>
        <F>44</F>
        <F>4.4 Irrigated perennial horticulture</F>
        <F>4</F>
        <F>4 Production from irrigated agriculture and plantations</F>
        <F>13</F>
        <F>Irrigated horticulture</F>
        <F>Horticulture</F>
      </Row>
      <Row index="54">
        <F>443</F>
        <F>5516</F>
        <F>4.4.3 Irrigated tree nuts</F>
        <F>44</F>
        <F>4.4 Irrigated perennial horticulture</F>
        <F>4</F>
        <F>4 Production from irrigated agriculture and plantations</F>
        <F>13</F>
        <F>Irrigated horticulture</F>
        <F>Horticulture</F>
      </Row>
      <Row index="55">
        <F>445</F>
        <F>217</F>
        <F>4.4.5 Irrigated shrub berries and fruits</F>
        <F>44</F>
        <F>4.4 Irrigated perennial horticulture</F>
        <F>4</F>
        <F>4 Production from irrigated agriculture and plantations</F>
        <F>13</F>
        <F>Irrigated horticulture</F>
        <F>Horticulture</F>
      </Row>
      <Row index="56">
        <F>448</F>
        <F>3979</F>
        <F>4.4.8 Irrigated citrus</F>
        <F>44</F>
        <F>4.4 Irrigated perennial horticulture</F>
        <F>4</F>
        <F>4 Production from irrigated agriculture and plantations</F>
        <F>13</F>
        <F>Irrigated horticulture</F>
        <F>Horticulture</F>
      </Row>
      <Row index="57">
        <F>449</F>
        <F>27220</F>
        <F>4.4.9 Irrigated grapes</F>
        <F>44</F>
        <F>4.4 Irrigated perennial horticulture</F>
        <F>4</F>
        <F>4 Production from irrigated agriculture and plantations</F>
        <F>13</F>
        <F>Irrigated horticulture</F>
        <F>Horticulture</F>
      </Row>
      <Row index="58">
        <F>453</F>
        <F>16268</F>
        <F>4.5.3 Irrigated seasonal vegetables and herbs</F>
        <F>45</F>
        <F>4.5 Irrigated seasonal horticulture</F>
        <F>4</F>
        <F>4 Production from irrigated agriculture and plantations</F>
        <F>13</F>
        <F>Irrigated horticulture</F>
        <F>Horticulture</F>
      </Row>
      <Row index="59">
        <F>500</F>
        <F>4</F>
        <F>5.0.0 Intensive uses</F>
        <F>55</F>
        <F>5.0 Intensive uses</F>
        <F>5</F>
        <F>5 Intensive uses</F>
        <F>17</F>
        <F>Other intensive uses</F>
        <F>Not agricultural industry</F>
      </Row>
      <Row index="60">
        <F>510</F>
        <F>890</F>
        <F>5.1.0 Intensive horticulture</F>
        <F>51</F>
        <F>5.1 Intensive horticulture</F>
        <F>5</F>
        <F>5 Intensive uses</F>
        <F>14</F>
        <F>Intensive horticulture and animal production</F>
        <F>Intensive plant and animal industries</F>
      </Row>
      <Row index="61">
        <F>511</F>
        <F>18</F>
        <F>5.1.1 Production nurseries</F>
        <F>51</F>
        <F>5.1 Intensive horticulture</F>
        <F>5</F>
        <F>5 Intensive uses</F>
        <F>14</F>
        <F>Intensive horticulture and animal production</F>
        <F>Intensive plant and animal industries</F>
      </Row>
      <Row index="62">
        <F>512</F>
        <F>86</F>
        <F>5.1.2 Shadehouses</F>
        <F>51</F>
        <F>5.1 Intensive horticulture</F>
        <F>5</F>
        <F>5 Intensive uses</F>
        <F>14</F>
        <F>Intensive horticulture and animal production</F>
        <F>Intensive plant and animal industries</F>
      </Row>
      <Row index="63">
        <F>513</F>
        <F>209</F>
        <F>5.1.3 Glasshouses</F>
        <F>51</F>
        <F>5.1 Intensive horticulture</F>
        <F>5</F>
        <F>5 Intensive uses</F>
        <F>14</F>
        <F>Intensive horticulture and animal production</F>
        <F>Intensive plant and animal industries</F>
      </Row>
      <Row index="64">
        <F>514</F>
        <F>9</F>
        <F>5.1.4 Glasshouses (hydroponic)</F>
        <F>51</F>
        <F>5.1 Intensive horticulture</F>
        <F>5</F>
        <F>5 Intensive uses</F>
        <F>14</F>
        <F>Intensive horticulture and animal production</F>
        <F>Intensive plant and animal industries</F>
      </Row>
      <Row index="65">
        <F>515</F>
        <F>9</F>
        <F>5.1.5 Abandoned intensive horticulture</F>
        <F>51</F>
        <F>5.1 Intensive horticulture</F>
        <F>5</F>
        <F>5 Intensive uses</F>
        <F>14</F>
        <F>Intensive horticulture and animal production</F>
        <F>Intensive plant and animal industries</F>
      </Row>
      <Row index="66">
        <F>520</F>
        <F>2877</F>
        <F>5.2.0 Intensive animal production</F>
        <F>52</F>
        <F>5.2 Intensive animal production</F>
        <F>5</F>
        <F>5 Intensive uses</F>
        <F>14</F>
        <F>Intensive horticulture and animal production</F>
        <F>Intensive plant and animal industries</F>
      </Row>
      <Row index="67">
        <F>521</F>
        <F>217</F>
        <F>5.2.1 Dairy sheds and yards</F>
        <F>52</F>
        <F>5.2 Intensive animal production</F>
        <F>5</F>
        <F>5 Intensive uses</F>
        <F>14</F>
        <F>Intensive horticulture and animal production</F>
        <F>Intensive plant and animal industries</F>
      </Row>
      <Row index="68">
        <F>522</F>
        <F>1190</F>
        <F>5.2.2 Feedlots</F>
        <F>52</F>
        <F>5.2 Intensive animal production</F>
        <F>5</F>
        <F>5 Intensive uses</F>
        <F>14</F>
        <F>Intensive horticulture and animal production</F>
        <F>Intensive plant and animal industries</F>
      </Row>
      <Row index="69">
        <F>523</F>
        <F>2708</F>
        <F>5.2.3 Poultry farms</F>
        <F>52</F>
        <F>5.2 Intensive animal production</F>
        <F>5</F>
        <F>5 Intensive uses</F>
        <F>14</F>
        <F>Intensive horticulture and animal production</F>
        <F>Intensive plant and animal industries</F>
      </Row>
      <Row index="70">
        <F>524</F>
        <F>2000</F>
        <F>5.2.4 Piggeries</F>
        <F>52</F>
        <F>5.2 Intensive animal production</F>
        <F>5</F>
        <F>5 Intensive uses</F>
        <F>14</F>
        <F>Intensive horticulture and animal production</F>
        <F>Intensive plant and animal industries</F>
      </Row>
      <Row index="71">
        <F>525</F>
        <F>1574</F>
        <F>5.2.5 Aquaculture</F>
        <F>52</F>
        <F>5.2 Intensive animal production</F>
        <F>5</F>
        <F>5 Intensive uses</F>
        <F>14</F>
        <F>Intensive horticulture and animal production</F>
        <F>Intensive plant and animal industries</F>
      </Row>
      <Row index="72">
        <F>526</F>
        <F>3923</F>
        <F>5.2.6 Horse studs</F>
        <F>52</F>
        <F>5.2 Intensive animal production</F>
        <F>5</F>
        <F>5 Intensive uses</F>
        <F>14</F>
        <F>Intensive horticulture and animal production</F>
        <F>Intensive plant and animal industries</F>
      </Row>
      <Row index="73">
        <F>527</F>
        <F>151</F>
        <F>5.2.7 Saleyards/stockyards</F>
        <F>52</F>
        <F>5.2 Intensive animal production</F>
        <F>5</F>
        <F>5 Intensive uses</F>
        <F>14</F>
        <F>Intensive horticulture and animal production</F>
        <F>Intensive plant and animal industries</F>
      </Row>
      <Row index="74">
        <F>528</F>
        <F>46</F>
        <F>5.2.8 Abandoned intensive animal production</F>
        <F>52</F>
        <F>5.2 Intensive animal production</F>
        <F>5</F>
        <F>5 Intensive uses</F>
        <F>14</F>
        <F>Intensive horticulture and animal production</F>
        <F>Intensive plant and animal industries</F>
      </Row>
      <Row index="75">
        <F>530</F>
        <F>19783</F>
        <F>5.3.0 Manufacturing and industrial</F>
        <F>53</F>
        <F>5.3 Manufacturing and industrial</F>
        <F>5</F>
        <F>5 Intensive uses</F>
        <F>17</F>
        <F>Other intensive uses</F>
        <F>Not agricultural industry</F>
      </Row>
      <Row index="76">
        <F>531</F>
        <F>2214</F>
        <F>5.3.1 General purpose factory</F>
        <F>53</F>
        <F>5.3 Manufacturing and industrial</F>
        <F>5</F>
        <F>5 Intensive uses</F>
        <F>17</F>
        <F>Other intensive uses</F>
        <F>Not agricultural industry</F>
      </Row>
      <Row index="77">
        <F>532</F>
        <F>337</F>
        <F>5.3.2 Food processing factory</F>
        <F>53</F>
        <F>5.3 Manufacturing and industrial</F>
        <F>5</F>
        <F>5 Intensive uses</F>
        <F>17</F>
        <F>Other intensive uses</F>
        <F>Not agricultural industry</F>
      </Row>
      <Row index="78">
        <F>533</F>
        <F>711</F>
        <F>5.3.3 Major industrial complex</F>
        <F>53</F>
        <F>5.3 Manufacturing and industrial</F>
        <F>5</F>
        <F>5 Intensive uses</F>
        <F>17</F>
        <F>Other intensive uses</F>
        <F>Not agricultural industry</F>
      </Row>
      <Row index="79">
        <F>534</F>
        <F>422</F>
        <F>5.3.4 Bulk grain storage</F>
        <F>53</F>
        <F>5.3 Manufacturing and industrial</F>
        <F>5</F>
        <F>5 Intensive uses</F>
        <F>17</F>
        <F>Other intensive uses</F>
        <F>Not agricultural industry</F>
      </Row>
      <Row index="80">
        <F>535</F>
        <F>399</F>
        <F>5.3.5 Abattoirs</F>
        <F>53</F>
        <F>5.3 Manufacturing and industrial</F>
        <F>5</F>
        <F>5 Intensive uses</F>
        <F>17</F>
        <F>Other intensive uses</F>
        <F>Not agricultural industry</F>
      </Row>
      <Row index="81">
        <F>536</F>
        <F>267</F>
        <F>5.3.6 Oil refinery</F>
        <F>53</F>
        <F>5.3 Manufacturing and industrial</F>
        <F>5</F>
        <F>5 Intensive uses</F>
        <F>17</F>
        <F>Other intensive uses</F>
        <F>Not agricultural industry</F>
      </Row>
      <Row index="82">
        <F>537</F>
        <F>229</F>
        <F>5.3.7 Sawmill</F>
        <F>53</F>
        <F>5.3 Manufacturing and industrial</F>
        <F>5</F>
        <F>5 Intensive uses</F>
        <F>17</F>
        <F>Other intensive uses</F>
        <F>Not agricultural industry</F>
      </Row>
      <Row index="83">
        <F>538</F>
        <F>9</F>
        <F>5.3.8 Abandoned manufacturing and industrial</F>
        <F>53</F>
        <F>5.3 Manufacturing and industrial</F>
        <F>5</F>
        <F>5 Intensive uses</F>
        <F>17</F>
        <F>Other intensive uses</F>
        <F>Not agricultural industry</F>
      </Row>
      <Row index="84">
        <F>540</F>
        <F>16542</F>
        <F>5.4.0 Residential and farm infrastructure</F>
        <F>54</F>
        <F>5.4.0; 5.4.1 Urban residential</F>
        <F>5</F>
        <F>5 Intensive uses</F>
        <F>16</F>
        <F>Urban residential</F>
        <F>Not agricultural industry</F>
      </Row>
      <Row index="85">
        <F>541</F>
        <F>201527</F>
        <F>5.4.1 Urban residential</F>
        <F>54</F>
        <F>5.4.0; 5.4.1 Urban residential</F>
        <F>5</F>
        <F>5 Intensive uses</F>
        <F>16</F>
        <F>Urban residential</F>
        <F>Not agricultural industry</F>
      </Row>
      <Row index="86">
        <F>542</F>
        <F>104956</F>
        <F>5.4.2 Rural residential with agriculture</F>
        <F>70</F>
        <F>5.4.2; 5.4.3; 5.4.4; 5.4.5 Rural residential and farm infrastructure</F>
        <F>5</F>
        <F>5 Intensive uses</F>
        <F>15</F>
        <F>Rural residential and farm infrastructure</F>
        <F>Not agricultural industry</F>
      </Row>
      <Row index="87">
        <F>543</F>
        <F>153302</F>
        <F>5.4.3 Rural residential without agriculture</F>
        <F>70</F>
        <F>5.4.2; 5.4.3; 5.4.4; 5.4.5 Rural residential and farm infrastructure</F>
        <F>5</F>
        <F>5 Intensive uses</F>
        <F>15</F>
        <F>Rural residential and farm infrastructure</F>
        <F>Not agricultural industry</F>
      </Row>
      <Row index="88">
        <F>544</F>
        <F>457</F>
        <F>5.4.4 Remote communities</F>
        <F>70</F>
        <F>5.4.2; 5.4.3; 5.4.4; 5.4.5 Rural residential and farm infrastructure</F>
        <F>5</F>
        <F>5 Intensive uses</F>
        <F>15</F>
        <F>Rural residential and farm infrastructure</F>
        <F>Not agricultural industry</F>
      </Row>
      <Row index="89">
        <F>545</F>
        <F>6335</F>
        <F>5.4.5 Farm buildings/infrastructure</F>
        <F>70</F>
        <F>5.4.2; 5.4.3; 5.4.4; 5.4.5 Rural residential and farm infrastructure</F>
        <F>5</F>
        <F>5 Intensive uses</F>
        <F>15</F>
        <F>Rural residential and farm infrastructure</F>
        <F>Not agricultural industry</F>
      </Row>
      <Row index="90">
        <F>550</F>
        <F>10307</F>
        <F>5.5.0 Services</F>
        <F>55</F>
        <F>5.5 Services</F>
        <F>5</F>
        <F>5 Intensive uses</F>
        <F>17</F>
        <F>Other intensive uses</F>
        <F>Not agricultural industry</F>
      </Row>
      <Row index="91">
        <F>551</F>
        <F>19600</F>
        <F>5.5.1 Commercial services</F>
        <F>55</F>
        <F>5.5 Services</F>
        <F>5</F>
        <F>5 Intensive uses</F>
        <F>17</F>
        <F>Other intensive uses</F>
        <F>Not agricultural industry</F>
      </Row>
      <Row index="92">
        <F>552</F>
        <F>18842</F>
        <F>5.5.2 Public services</F>
        <F>55</F>
        <F>5.5 Services</F>
        <F>5</F>
        <F>5 Intensive uses</F>
        <F>17</F>
        <F>Other intensive uses</F>
        <F>Not agricultural industry</F>
      </Row>
      <Row index="93">
        <F>553</F>
        <F>54359</F>
        <F>5.5.3 Recreation and culture</F>
        <F>55</F>
        <F>5.5 Services</F>
        <F>5</F>
        <F>5 Intensive uses</F>
        <F>17</F>
        <F>Other intensive uses</F>
        <F>Not agricultural industry</F>
      </Row>
      <Row index="94">
        <F>554</F>
        <F>11900</F>
        <F>5.5.4 Defence facilities - urban</F>
        <F>55</F>
        <F>5.5 Services</F>
        <F>5</F>
        <F>5 Intensive uses</F>
        <F>17</F>
        <F>Other intensive uses</F>
        <F>Not agricultural industry</F>
      </Row>
      <Row index="95">
        <F>555</F>
        <F>1398</F>
        <F>5.5.5 Research facilities</F>
        <F>55</F>
        <F>5.5 Services</F>
        <F>5</F>
        <F>5 Intensive uses</F>
        <F>17</F>
        <F>Other intensive uses</F>
        <F>Not agricultural industry</F>
      </Row>
      <Row index="96">
        <F>560</F>
        <F>4750</F>
        <F>5.6.0 Utilities</F>
        <F>56</F>
        <F>5.6 Utilities</F>
        <F>5</F>
        <F>5 Intensive uses</F>
        <F>17</F>
        <F>Other intensive uses</F>
        <F>Not agricultural industry</F>
      </Row>
      <Row index="97">
        <F>561</F>
        <F>295</F>
        <F>5.6.1 Fuel powered electricity generation</F>
        <F>56</F>
        <F>5.6 Utilities</F>
        <F>5</F>
        <F>5 Intensive uses</F>
        <F>17</F>
        <F>Other intensive uses</F>
        <F>Not agricultural industry</F>
      </Row>
      <Row index="98">
        <F>562</F>
        <F>4</F>
        <F>5.6.2 Hydro electricity generation</F>
        <F>56</F>
        <F>5.6 Utilities</F>
        <F>5</F>
        <F>5 Intensive uses</F>
        <F>17</F>
        <F>Other intensive uses</F>
        <F>Not agricultural industry</F>
      </Row>
      <Row index="99">
        <F>563</F>
        <F>584</F>
        <F>5.6.3 Wind electricity generation</F>
        <F>56</F>
        <F>5.6 Utilities</F>
        <F>5</F>
        <F>5 Intensive uses</F>
        <F>17</F>
        <F>Other intensive uses</F>
        <F>Not agricultural industry</F>
      </Row>
      <Row index="100">
        <F>564</F>
        <F>1</F>
        <F>5.6.4 Solar electricity generation</F>
        <F>56</F>
        <F>5.6 Utilities</F>
        <F>5</F>
        <F>5 Intensive uses</F>
        <F>17</F>
        <F>Other intensive uses</F>
        <F>Not agricultural industry</F>
      </Row>
      <Row index="101">
        <F>565</F>
        <F>854</F>
        <F>5.6.5 Electricity substations and transmission</F>
        <F>56</F>
        <F>5.6 Utilities</F>
        <F>5</F>
        <F>5 Intensive uses</F>
        <F>17</F>
        <F>Other intensive uses</F>
        <F>Not agricultural industry</F>
      </Row>
      <Row index="102">
        <F>566</F>
        <F>629</F>
        <F>5.6.6 Gas treatment, storage and transmission</F>
        <F>56</F>
        <F>5.6 Utilities</F>
        <F>5</F>
        <F>5 Intensive uses</F>
        <F>17</F>
        <F>Other intensive uses</F>
        <F>Not agricultural industry</F>
      </Row>
      <Row index="103">
        <F>567</F>
        <F>133</F>
        <F>5.6.7 Water extraction and transmission</F>
        <F>56</F>
        <F>5.6 Utilities</F>
        <F>5</F>
        <F>5 Intensive uses</F>
        <F>17</F>
        <F>Other intensive uses</F>
        <F>Not agricultural industry</F>
      </Row>
      <Row index="104">
        <F>570</F>
        <F>1150</F>
        <F>5.7.0 Transport and communication</F>
        <F>57</F>
        <F>5.7 Transport and communication</F>
        <F>5</F>
        <F>5 Intensive uses</F>
        <F>17</F>
        <F>Other intensive uses</F>
        <F>Not agricultural industry</F>
      </Row>
      <Row index="105">
        <F>571</F>
        <F>13015</F>
        <F>5.7.1 Airports/aerodromes</F>
        <F>57</F>
        <F>5.7 Transport and communication</F>
        <F>5</F>
        <F>5 Intensive uses</F>
        <F>17</F>
        <F>Other intensive uses</F>
        <F>Not agricultural industry</F>
      </Row>
      <Row index="106">
        <F>572</F>
        <F>6102</F>
        <F>5.7.2 Roads</F>
        <F>57</F>
        <F>5.7 Transport and communication</F>
        <F>5</F>
        <F>5 Intensive uses</F>
        <F>17</F>
        <F>Other intensive uses</F>
        <F>Not agricultural industry</F>
      </Row>
      <Row index="107">
        <F>573</F>
        <F>452</F>
        <F>5.7.3 Railways</F>
        <F>57</F>
        <F>5.7 Transport and communication</F>
        <F>5</F>
        <F>5 Intensive uses</F>
        <F>17</F>
        <F>Other intensive uses</F>
        <F>Not agricultural industry</F>
      </Row>
      <Row index="108">
        <F>574</F>
        <F>207</F>
        <F>5.7.4 Ports and water transport</F>
        <F>57</F>
        <F>5.7 Transport and communication</F>
        <F>5</F>
        <F>5 Intensive uses</F>
        <F>17</F>
        <F>Other intensive uses</F>
        <F>Not agricultural industry</F>
      </Row>
      <Row index="109">
        <F>575</F>
        <F>3887</F>
        <F>5.7.5 Navigation and communication</F>
        <F>57</F>
        <F>5.7 Transport and communication</F>
        <F>5</F>
        <F>5 Intensive uses</F>
        <F>17</F>
        <F>Other intensive uses</F>
        <F>Not agricultural industry</F>
      </Row>
      <Row index="110">
        <F>580</F>
        <F>51367</F>
        <F>5.8.0 Mining</F>
        <F>58</F>
        <F>5.8 Mining</F>
        <F>5</F>
        <F>5 Intensive uses</F>
        <F>18</F>
        <F>Mining and waste</F>
        <F>Not agricultural industry</F>
      </Row>
      <Row index="111">
        <F>581</F>
        <F>25831</F>
        <F>5.8.1 Mines</F>
        <F>58</F>
        <F>5.8 Mining</F>
        <F>5</F>
        <F>5 Intensive uses</F>
        <F>18</F>
        <F>Mining and waste</F>
        <F>Not agricultural industry</F>
      </Row>
      <Row index="112">
        <F>582</F>
        <F>7018</F>
        <F>5.8.2 Quarries</F>
        <F>58</F>
        <F>5.8 Mining</F>
        <F>5</F>
        <F>5 Intensive uses</F>
        <F>18</F>
        <F>Mining and waste</F>
        <F>Not agricultural industry</F>
      </Row>
      <Row index="113">
        <F>583</F>
        <F>4158</F>
        <F>5.8.3 Tailings</F>
        <F>58</F>
        <F>5.8 Mining</F>
        <F>5</F>
        <F>5 Intensive uses</F>
        <F>18</F>
        <F>Mining and waste</F>
        <F>Not agricultural industry</F>
      </Row>
      <Row index="114">
        <F>584</F>
        <F>5823</F>
        <F>5.8.4 Extractive industry not in use</F>
        <F>58</F>
        <F>5.8 Mining</F>
        <F>5</F>
        <F>5 Intensive uses</F>
        <F>18</F>
        <F>Mining and waste</F>
        <F>Not agricultural industry</F>
      </Row>
      <Row index="115">
        <F>590</F>
        <F>749</F>
        <F>5.9.0 Waste treatment and disposal</F>
        <F>59</F>
        <F>5.9 Waste treatment and disposal</F>
        <F>5</F>
        <F>5 Intensive uses</F>
        <F>18</F>
        <F>Mining and waste</F>
        <F>Not agricultural industry</F>
      </Row>
      <Row index="116">
        <F>591</F>
        <F>3779</F>
        <F>5.9.1 Effluent pond</F>
        <F>59</F>
        <F>5.9 Waste treatment and disposal</F>
        <F>5</F>
        <F>5 Intensive uses</F>
        <F>18</F>
        <F>Mining and waste</F>
        <F>Not agricultural industry</F>
      </Row>
      <Row index="117">
        <F>592</F>
        <F>823</F>
        <F>5.9.2 Landfill</F>
        <F>59</F>
        <F>5.9 Waste treatment and disposal</F>
        <F>5</F>
        <F>5 Intensive uses</F>
        <F>18</F>
        <F>Mining and waste</F>
        <F>Not agricultural industry</F>
      </Row>
      <Row index="118">
        <F>593</F>
        <F>427</F>
        <F>5.9.3 Solid garbage</F>
        <F>59</F>
        <F>5.9 Waste treatment and disposal</F>
        <F>5</F>
        <F>5 Intensive uses</F>
        <F>18</F>
        <F>Mining and waste</F>
        <F>Not agricultural industry</F>
      </Row>
      <Row index="119">
        <F>595</F>
        <F>819</F>
        <F>5.9.5 Sewage/sewerage</F>
        <F>59</F>
        <F>5.9 Waste treatment and disposal</F>
        <F>5</F>
        <F>5 Intensive uses</F>
        <F>18</F>
        <F>Mining and waste</F>
        <F>Not agricultural industry</F>
      </Row>
      <Row index="120">
        <F>600</F>
        <F>16404</F>
        <F>6.0.0 Water</F>
        <F>62</F>
        <F>6.0 Water</F>
        <F>6</F>
        <F>6 Water</F>
        <F>19</F>
        <F>Water</F>
        <F>Not agricultural industry</F>
      </Row>
      <Row index="121">
        <F>610</F>
        <F>962548</F>
        <F>6.1.0 Lake</F>
        <F>61</F>
        <F>6.1 Lake</F>
        <F>6</F>
        <F>6 Water</F>
        <F>19</F>
        <F>Water</F>
        <F>Not agricultural industry</F>
      </Row>
      <Row index="122">
        <F>611</F>
        <F>668223</F>
        <F>6.1.1 Lake - conservation</F>
        <F>61</F>
        <F>6.1 Lake</F>
        <F>6</F>
        <F>6 Water</F>
        <F>19</F>
        <F>Water</F>
        <F>Not agricultural industry</F>
      </Row>
      <Row index="123">
        <F>612</F>
        <F>60226</F>
        <F>6.1.2 Lake - production</F>
        <F>61</F>
        <F>6.1 Lake</F>
        <F>6</F>
        <F>6 Water</F>
        <F>19</F>
        <F>Water</F>
        <F>Not agricultural industry</F>
      </Row>
      <Row index="124">
        <F>613</F>
        <F>543</F>
        <F>6.1.3 Lake - intensive use</F>
        <F>61</F>
        <F>6.1 Lake</F>
        <F>6</F>
        <F>6 Water</F>
        <F>19</F>
        <F>Water</F>
        <F>Not agricultural industry</F>
      </Row>
      <Row index="125">
        <F>614</F>
        <F>416</F>
        <F>6.1.4 Lake - saline</F>
        <F>61</F>
        <F>6.1 Lake</F>
        <F>6</F>
        <F>6 Water</F>
        <F>19</F>
        <F>Water</F>
        <F>Not agricultural industry</F>
      </Row>
      <Row index="126">
        <F>620</F>
        <F>14595</F>
        <F>6.2.0 Reservoir/dam</F>
        <F>62</F>
        <F>6.2 Reservoir/dam</F>
        <F>6</F>
        <F>6 Water</F>
        <F>19</F>
        <F>Water</F>
        <F>Not agricultural industry</F>
      </Row>
      <Row index="127">
        <F>621</F>
        <F>109300</F>
        <F>6.2.1 Reservoir</F>
        <F>62</F>
        <F>6.2 Reservoir/dam</F>
        <F>6</F>
        <F>6 Water</F>
        <F>19</F>
        <F>Water</F>
        <F>Not agricultural industry</F>
      </Row>
      <Row index="128">
        <F>622</F>
        <F>18657</F>
        <F>6.2.2 Water storage - intensive use/farm dams</F>
        <F>62</F>
        <F>6.2 Reservoir/dam</F>
        <F>6</F>
        <F>6 Water</F>
        <F>19</F>
        <F>Water</F>
        <F>Not agricultural industry</F>
      </Row>
      <Row index="129">
        <F>623</F>
        <F>5871</F>
        <F>6.2.3 Evaporation basin</F>
        <F>62</F>
        <F>6.2 Reservoir/dam</F>
        <F>6</F>
        <F>6 Water</F>
        <F>19</F>
        <F>Water</F>
        <F>Not agricultural industry</F>
      </Row>
      <Row index="130">
        <F>630</F>
        <F>373440</F>
        <F>6.3.0 River</F>
        <F>63</F>
        <F>6.3 River</F>
        <F>6</F>
        <F>6 Water</F>
        <F>19</F>
        <F>Water</F>
        <F>Not agricultural industry</F>
      </Row>
      <Row index="131">
        <F>631</F>
        <F>32839</F>
        <F>6.3.1 River - conservation</F>
        <F>63</F>
        <F>6.3 River</F>
        <F>6</F>
        <F>6 Water</F>
        <F>19</F>
        <F>Water</F>
        <F>Not agricultural industry</F>
      </Row>
      <Row index="132">
        <F>632</F>
        <F>119</F>
        <F>6.3.2 River - production</F>
        <F>63</F>
        <F>6.3 River</F>
        <F>6</F>
        <F>6 Water</F>
        <F>19</F>
        <F>Water</F>
        <F>Not agricultural industry</F>
      </Row>
      <Row index="133">
        <F>633</F>
        <F>1861</F>
        <F>6.3.3 River - intensive use</F>
        <F>63</F>
        <F>6.3 River</F>
        <F>6</F>
        <F>6 Water</F>
        <F>19</F>
        <F>Water</F>
        <F>Not agricultural industry</F>
      </Row>
      <Row index="134">
        <F>640</F>
        <F>635</F>
        <F>6.4.0 Channel/aqueduct</F>
        <F>64</F>
        <F>6.4 Channel/aqueduct</F>
        <F>6</F>
        <F>6 Water</F>
        <F>19</F>
        <F>Water</F>
        <F>Not agricultural industry</F>
      </Row>
      <Row index="135">
        <F>641</F>
        <F>169</F>
        <F>6.4.1 Supply channel/aqueduct</F>
        <F>64</F>
        <F>6.4 Channel/aqueduct</F>
        <F>6</F>
        <F>6 Water</F>
        <F>19</F>
        <F>Water</F>
        <F>Not agricultural industry</F>
      </Row>
      <Row index="136">
        <F>642</F>
        <F>352</F>
        <F>6.4.2 Drainage channel/aqueduct</F>
        <F>64</F>
        <F>6.4 Channel/aqueduct</F>
        <F>6</F>
        <F>6 Water</F>
        <F>19</F>
        <F>Water</F>
        <F>Not agricultural industry</F>
      </Row>
      <Row index="137">
        <F>643</F>
        <F>2</F>
        <F>6.4.3 Stormwater</F>
        <F>64</F>
        <F>6.4 Channel/aqueduct</F>
        <F>6</F>
        <F>6 Water</F>
        <F>19</F>
        <F>Water</F>
        <F>Not agricultural industry</F>
      </Row>
      <Row index="138">
        <F>650</F>
        <F>426125</F>
        <F>6.5.0 Marsh/wetland</F>
        <F>65</F>
        <F>6.5 Marsh/wetland</F>
        <F>6</F>
        <F>6 Water</F>
        <F>19</F>
        <F>Water</F>
        <F>Not agricultural industry</F>
      </Row>
      <Row index="139">
        <F>651</F>
        <F>376594</F>
        <F>6.5.1 Marsh/wetland - conservation</F>
        <F>65</F>
        <F>6.5 Marsh/wetland</F>
        <F>6</F>
        <F>6 Water</F>
        <F>19</F>
        <F>Water</F>
        <F>Not agricultural industry</F>
      </Row>
      <Row index="140">
        <F>652</F>
        <F>770246</F>
        <F>6.5.2 Marsh/wetland - production</F>
        <F>65</F>
        <F>6.5 Marsh/wetland</F>
        <F>6</F>
        <F>6 Water</F>
        <F>19</F>
        <F>Water</F>
        <F>Not agricultural industry</F>
      </Row>
      <Row index="141">
        <F>653</F>
        <F>603</F>
        <F>6.5.3 Marsh/wetland - intensive use</F>
        <F>65</F>
        <F>6.5 Marsh/wetland</F>
        <F>6</F>
        <F>6 Water</F>
        <F>19</F>
        <F>Water</F>
        <F>Not agricultural industry</F>
      </Row>
      <Row index="142">
        <F>654</F>
        <F>107279</F>
        <F>6.5.4 Marsh/wetland - saline</F>
        <F>65</F>
        <F>6.5 Marsh/wetland</F>
        <F>6</F>
        <F>6 Water</F>
        <F>19</F>
        <F>Water</F>
        <F>Not agricultural industry</F>
      </Row>
      <Row index="143">
        <F>660</F>
        <F>266115</F>
        <F>6.6.0 Estuary/coastal waters</F>
        <F>66</F>
        <F>6.6 Estuary/coastal waters</F>
        <F>6</F>
        <F>6 Water</F>
        <F>19</F>
        <F>Water</F>
        <F>Not agricultural industry</F>
      </Row>
      <Row index="144">
        <F>661</F>
        <F>59896</F>
        <F>6.6.1 Estuary/coastal waters - conservation</F>
        <F>66</F>
        <F>6.6 Estuary/coastal waters</F>
        <F>6</F>
        <F>6 Water</F>
        <F>19</F>
        <F>Water</F>
        <F>Not agricultural industry</F>
      </Row>
      <Row index="145">
        <F>662</F>
        <F>195</F>
        <F>6.6.2 Estuary/coastal waters - production</F>
        <F>66</F>
        <F>6.6 Estuary/coastal waters</F>
        <F>6</F>
        <F>6 Water</F>
        <F>19</F>
        <F>Water</F>
        <F>Not agricultural industry</F>
      </Row>
      <Row index="146">
        <F>663</F>
        <F>78</F>
        <F>6.6.3 Estuary/coastal waters - intensive use</F>
        <F>66</F>
        <F>6.6 Estuary/coastal waters</F>
        <F>6</F>
        <F>6 Water</F>
        <F>19</F>
        <F>Water</F>
        <F>Not agricultural industry</F>
      </Row>
    </GDALRasterAttributeTable>
    <Metadata>
      <MDI key="STATISTICS_APPROXIMATE">YES</MDI>
      <MDI key="STATISTICS_MAXIMUM">662</MDI>
      <MDI key="STATISTICS_MEAN">205.25893323311</MDI>
      <MDI key="STATISTICS_MINIMUM">111</MDI>
      <MDI key="STATISTICS_STDDEV">106.88145084359</MDI>
      <MDI key="STATISTICS_VALID_PERCENT">41.93</MDI>
    </Metadata>
  </PAMRasterBand>
</PAMDataset>
