<PAMDataset>
  <Metadata domain="Esri">
    <MDI key="PyramidResamplingType">NEAREST</MDI>
  </Metadata>
  <PAMRasterBand band="1">
    <Histograms>
      <HistItem>
        <HistMin>111</HistMin>
        <HistMax>663</HistMax>
        <BucketCount>256</BucketCount>
        <IncludeOutOfRange>1</IncludeOutOfRange>
        <Approximate>0</Approximate>
        <HistCounts>9253113|711025|1582109|0|6648114|0|17539682|0|11334404|534239|1409517|0|0|0|0|0|0|0|0|0|0|0|0|0|0|0|0|0|0|0|0|0|0|0|0|0|0|0|0|0|0|0|0|0|0|53341743|0|0|0|0|1377210|0|0|0|0|0|0|0|0|0|0|0|0|0|0|0|0|0|0|0|0|0|0|0|0|0|0|0|0|0|0|0|0|0|0|0|0|0|0|0|0|6288|359224|6745|0|0|7632713|0|0|0|0|4255360|320904|636196|528679|609|4633|2534|248|6324|0|4850|0|0|0|0|0|0|0|0|0|0|0|0|0|0|0|0|0|0|0|0|0|0|0|0|0|0|1305|1226|0|0|104123|0|0|0|0|91250|44152|34444|45034|17940|26033|18974|807|9321|34172|24897|0|0|0|0|0|0|0|0|0|0|0|0|0|0|0|0|0|0|0|0|0|0|0|0|0|0|758|933|34|0|1392|2235|6321|9348|518|18464|4159|1337|452|1697|249386|343702|16266|0|2653|37531|73786|1260|0|1179|990|2284|2144|0|23373|1120|2833|0|35379|50612|15635|0|0|5589|1783|2519|0|9454|0|0|0|0|1639212|60342|410|0|0|128238|28593|0|0|361559|46727|1860|0|0|1409|398|0|0|399854|1128494|14714|0|0|168075|280669|389</HistCounts>
      </HistItem>
    </Histograms>
    <GDALRasterAttributeTable tableType="thematic">
      <FieldDefn index="0">
        <Name>Value</Name>
        <Type>0</Type>
        <Usage>0</Usage>
      </FieldDefn>
      <FieldDefn index="1">
        <Name>Count</Name>
        <Type>0</Type>
        <Usage>0</Usage>
      </FieldDefn>
      <FieldDefn index="2">
        <Name>TERTV8</Name>
        <Type>2</Type>
        <Usage>0</Usage>
      </FieldDefn>
      <FieldDefn index="3">
        <Name>SECV8N</Name>
        <Type>0</Type>
        <Usage>0</Usage>
      </FieldDefn>
      <FieldDefn index="4">
        <Name>SECV8</Name>
        <Type>2</Type>
        <Usage>0</Usage>
      </FieldDefn>
      <FieldDefn index="5">
        <Name>PRIMV8N</Name>
        <Type>0</Type>
        <Usage>0</Usage>
      </FieldDefn>
      <FieldDefn index="6">
        <Name>PRIMV8</Name>
        <Type>2</Type>
        <Usage>0</Usage>
      </FieldDefn>
      <FieldDefn index="7">
        <Name>SIMPN</Name>
        <Type>0</Type>
        <Usage>0</Usage>
      </FieldDefn>
      <FieldDefn index="8">
        <Name>SIMP</Name>
        <Type>2</Type>
        <Usage>0</Usage>
      </FieldDefn>
      <FieldDefn index="9">
        <Name>AGIND</Name>
        <Type>2</Type>
        <Usage>0</Usage>
      </FieldDefn>
      <Row index="0">
        <F>0</F>
        <F>168822267</F>
        <F>No data/offshore</F>
        <F>0</F>
        <F>No data/offshore</F>
        <F>0</F>
        <F>No data/offshore</F>
        <F>0</F>
        <F>No data/offshore</F>
        <F>No data/offshore</F>
      </Row>
      <Row index="1">
        <F>111</F>
        <F>2471378</F>
        <F>1.1.1 Strict nature reserves</F>
        <F>11</F>
        <F>1.1 Nature conservation</F>
        <F>1</F>
        <F>1 Conservation and natural environments</F>
        <F>1</F>
        <F>Nature conservation</F>
        <F>Not agricultural industry</F>
      </Row>
      <Row index="2">
        <F>112</F>
        <F>616492</F>
        <F>1.1.2 Wilderness area</F>
        <F>11</F>
        <F>1.1 Nature conservation</F>
        <F>1</F>
        <F>1 Conservation and natural environments</F>
        <F>1</F>
        <F>Nature conservation</F>
        <F>Not agricultural industry</F>
      </Row>
      <Row index="3">
        <F>113</F>
        <F>6165243</F>
        <F>1.1.3 National park</F>
        <F>11</F>
        <F>1.1 Nature conservation</F>
        <F>1</F>
        <F>1 Conservation and natural environments</F>
        <F>1</F>
        <F>Nature conservation</F>
        <F>Not agricultural industry</F>
      </Row>
      <Row index="4">
        <F>114</F>
        <F>293205</F>
        <F>1.1.4 Natural feature protection</F>
        <F>11</F>
        <F>1.1 Nature conservation</F>
        <F>1</F>
        <F>1 Conservation and natural environments</F>
        <F>1</F>
        <F>Nature conservation</F>
        <F>Not agricultural industry</F>
      </Row>
      <Row index="5">
        <F>115</F>
        <F>417820</F>
        <F>1.1.5 Habitat/species management area</F>
        <F>11</F>
        <F>1.1 Nature conservation</F>
        <F>1</F>
        <F>1 Conservation and natural environments</F>
        <F>1</F>
        <F>Nature conservation</F>
        <F>Not agricultural industry</F>
      </Row>
      <Row index="6">
        <F>116</F>
        <F>1216024</F>
        <F>1.1.6 Protected landscape</F>
        <F>11</F>
        <F>1.1 Nature conservation</F>
        <F>1</F>
        <F>1 Conservation and natural environments</F>
        <F>1</F>
        <F>Nature conservation</F>
        <F>Not agricultural industry</F>
      </Row>
      <Row index="7">
        <F>117</F>
        <F>366085</F>
        <F>1.1.7 Other conserved area</F>
        <F>11</F>
        <F>1.1 Nature conservation</F>
        <F>1</F>
        <F>1 Conservation and natural environments</F>
        <F>1</F>
        <F>Nature conservation</F>
        <F>Not agricultural industry</F>
      </Row>
      <Row index="8">
        <F>120</F>
        <F>6648114</F>
        <F>1.2.0 Managed resource protection</F>
        <F>12</F>
        <F>1.2 Managed resource protection</F>
        <F>1</F>
        <F>1 Conservation and natural environments</F>
        <F>2</F>
        <F>Managed resource protection</F>
        <F>Not agricultural industry</F>
      </Row>
      <Row index="9">
        <F>125</F>
        <F>17539682</F>
        <F>1.2.5 Traditional indigenous uses</F>
        <F>12</F>
        <F>1.2 Managed resource protection</F>
        <F>1</F>
        <F>1 Conservation and natural environments</F>
        <F>2</F>
        <F>Managed resource protection</F>
        <F>Not agricultural industry</F>
      </Row>
      <Row index="10">
        <F>130</F>
        <F>11334404</F>
        <F>1.3.0 Other minimal use</F>
        <F>13</F>
        <F>1.3 Other minimal use</F>
        <F>1</F>
        <F>1 Conservation and natural environments</F>
        <F>3</F>
        <F>Other minimal use</F>
        <F>Not agricultural industry</F>
      </Row>
      <Row index="11">
        <F>131</F>
        <F>437804</F>
        <F>1.3.1 Defence land - natural areas</F>
        <F>13</F>
        <F>1.3 Other minimal use</F>
        <F>1</F>
        <F>1 Conservation and natural environments</F>
        <F>3</F>
        <F>Other minimal use</F>
        <F>Not agricultural industry</F>
      </Row>
      <Row index="12">
        <F>132</F>
        <F>96435</F>
        <F>1.3.2 Stock route</F>
        <F>13</F>
        <F>1.3 Other minimal use</F>
        <F>1</F>
        <F>1 Conservation and natural environments</F>
        <F>3</F>
        <F>Other minimal use</F>
        <F>Not agricultural industry</F>
      </Row>
      <Row index="13">
        <F>133</F>
        <F>1409471</F>
        <F>1.3.3 Residual native cover</F>
        <F>13</F>
        <F>1.3 Other minimal use</F>
        <F>1</F>
        <F>1 Conservation and natural environments</F>
        <F>3</F>
        <F>Other minimal use</F>
        <F>Not agricultural industry</F>
      </Row>
      <Row index="14">
        <F>134</F>
        <F>46</F>
        <F>1.3.4 Rehabilitation</F>
        <F>13</F>
        <F>1.3 Other minimal use</F>
        <F>1</F>
        <F>1 Conservation and natural environments</F>
        <F>3</F>
        <F>Other minimal use</F>
        <F>Not agricultural industry</F>
      </Row>
      <Row index="15">
        <F>210</F>
        <F>53341743</F>
        <F>2.1.0 Grazing native vegetation</F>
        <F>21</F>
        <F>2.1 Grazing native vegetation</F>
        <F>2</F>
        <F>2 Production from relatively natural environments</F>
        <F>4</F>
        <F>Grazing native vegetation</F>
        <F>Grazing native vegetation</F>
      </Row>
      <Row index="16">
        <F>220</F>
        <F>1377210</F>
        <F>2.2.0 Production native forests</F>
        <F>22</F>
        <F>2.2 Production native forests</F>
        <F>2</F>
        <F>2 Production from relatively natural environments</F>
        <F>5</F>
        <F>Production native forests</F>
        <F>Not agricultural industry</F>
      </Row>
      <Row index="17">
        <F>310</F>
        <F>6288</F>
        <F>3.1.0 Plantation forests</F>
        <F>31</F>
        <F>3.1 Plantation forests</F>
        <F>3</F>
        <F>3 Production from dryland agriculture and plantations</F>
        <F>6</F>
        <F>Plantation forests</F>
        <F>Not agricultural industry</F>
      </Row>
      <Row index="18">
        <F>311</F>
        <F>156765</F>
        <F>3.1.1 Hardwood plantation forestry</F>
        <F>31</F>
        <F>3.1 Plantation forests</F>
        <F>3</F>
        <F>3 Production from dryland agriculture and plantations</F>
        <F>6</F>
        <F>Plantation forests</F>
        <F>Not agricultural industry</F>
      </Row>
      <Row index="19">
        <F>312</F>
        <F>202459</F>
        <F>3.1.2 Softwood plantation forestry</F>
        <F>31</F>
        <F>3.1 Plantation forests</F>
        <F>3</F>
        <F>3 Production from dryland agriculture and plantations</F>
        <F>6</F>
        <F>Plantation forests</F>
        <F>Not agricultural industry</F>
      </Row>
      <Row index="20">
        <F>313</F>
        <F>3882</F>
        <F>3.1.3 Other forest plantation</F>
        <F>31</F>
        <F>3.1 Plantation forests</F>
        <F>3</F>
        <F>3 Production from dryland agriculture and plantations</F>
        <F>6</F>
        <F>Plantation forests</F>
        <F>Not agricultural industry</F>
      </Row>
      <Row index="21">
        <F>314</F>
        <F>2863</F>
        <F>3.1.4 Environmental forest plantation</F>
        <F>31</F>
        <F>3.1 Plantation forests</F>
        <F>3</F>
        <F>3 Production from dryland agriculture and plantations</F>
        <F>6</F>
        <F>Plantation forests</F>
        <F>Not agricultural industry</F>
      </Row>
      <Row index="22">
        <F>320</F>
        <F>7632713</F>
        <F>3.2.0 Grazing modified pastures</F>
        <F>32</F>
        <F>3.2 Grazing modified pastures</F>
        <F>3</F>
        <F>3 Production from dryland agriculture and plantations</F>
        <F>7</F>
        <F>Grazing modified pastures</F>
        <F>Grazing modified pastures</F>
      </Row>
      <Row index="23">
        <F>330</F>
        <F>21271</F>
        <F>3.3.0 Cropping</F>
        <F>33</F>
        <F>3.3 Cropping</F>
        <F>3</F>
        <F>3 Production from dryland agriculture and plantations</F>
        <F>8</F>
        <F>Dryland cropping</F>
        <F>Cropping</F>
      </Row>
      <Row index="24">
        <F>331</F>
        <F>4234089</F>
        <F>3.3.1 Cereals</F>
        <F>33</F>
        <F>3.3 Cropping</F>
        <F>3</F>
        <F>3 Production from dryland agriculture and plantations</F>
        <F>8</F>
        <F>Dryland cropping</F>
        <F>Cropping</F>
      </Row>
      <Row index="25">
        <F>333</F>
        <F>320904</F>
        <F>3.3.3 Hay and silage</F>
        <F>33</F>
        <F>3.3 Cropping</F>
        <F>3</F>
        <F>3 Production from dryland agriculture and plantations</F>
        <F>8</F>
        <F>Dryland cropping</F>
        <F>Cropping</F>
      </Row>
      <Row index="26">
        <F>334</F>
        <F>558178</F>
        <F>3.3.4 Oilseeds</F>
        <F>33</F>
        <F>3.3 Cropping</F>
        <F>3</F>
        <F>3 Production from dryland agriculture and plantations</F>
        <F>8</F>
        <F>Dryland cropping</F>
        <F>Cropping</F>
      </Row>
      <Row index="27">
        <F>335</F>
        <F>47634</F>
        <F>3.3.5 Sugar</F>
        <F>33</F>
        <F>3.3 Cropping</F>
        <F>3</F>
        <F>3 Production from dryland agriculture and plantations</F>
        <F>8</F>
        <F>Dryland cropping</F>
        <F>Cropping</F>
      </Row>
      <Row index="28">
        <F>336</F>
        <F>30384</F>
        <F>3.3.6 Cotton</F>
        <F>33</F>
        <F>3.3 Cropping</F>
        <F>3</F>
        <F>3 Production from dryland agriculture and plantations</F>
        <F>8</F>
        <F>Dryland cropping</F>
        <F>Cropping</F>
      </Row>
      <Row index="29">
        <F>338</F>
        <F>528679</F>
        <F>3.3.8 Pulses</F>
        <F>33</F>
        <F>3.3 Cropping</F>
        <F>3</F>
        <F>3 Production from dryland agriculture and plantations</F>
        <F>8</F>
        <F>Dryland cropping</F>
        <F>Cropping</F>
      </Row>
      <Row index="30">
        <F>340</F>
        <F>609</F>
        <F>3.4.0 Perennial horticulture</F>
        <F>34</F>
        <F>3.4 Perennial horticulture</F>
        <F>3</F>
        <F>3 Production from dryland agriculture and plantations</F>
        <F>9</F>
        <F>Dryland horticulture</F>
        <F>Horticulture</F>
      </Row>
      <Row index="31">
        <F>341</F>
        <F>4633</F>
        <F>3.4.1 Tree fruits</F>
        <F>34</F>
        <F>3.4 Perennial horticulture</F>
        <F>3</F>
        <F>3 Production from dryland agriculture and plantations</F>
        <F>9</F>
        <F>Dryland horticulture</F>
        <F>Horticulture</F>
      </Row>
      <Row index="32">
        <F>343</F>
        <F>2534</F>
        <F>3.4.3 Tree nuts</F>
        <F>34</F>
        <F>3.4 Perennial horticulture</F>
        <F>3</F>
        <F>3 Production from dryland agriculture and plantations</F>
        <F>9</F>
        <F>Dryland horticulture</F>
        <F>Horticulture</F>
      </Row>
      <Row index="33">
        <F>345</F>
        <F>248</F>
        <F>3.4.5 Shrub berries and fruits</F>
        <F>34</F>
        <F>3.4 Perennial horticulture</F>
        <F>3</F>
        <F>3 Production from dryland agriculture and plantations</F>
        <F>9</F>
        <F>Dryland horticulture</F>
        <F>Horticulture</F>
      </Row>
      <Row index="34">
        <F>348</F>
        <F>808</F>
        <F>3.4.8 Citrus</F>
        <F>34</F>
        <F>3.4 Perennial horticulture</F>
        <F>3</F>
        <F>3 Production from dryland agriculture and plantations</F>
        <F>9</F>
        <F>Dryland horticulture</F>
        <F>Horticulture</F>
      </Row>
      <Row index="35">
        <F>349</F>
        <F>5516</F>
        <F>3.4.9 Grapes</F>
        <F>34</F>
        <F>3.4 Perennial horticulture</F>
        <F>3</F>
        <F>3 Production from dryland agriculture and plantations</F>
        <F>9</F>
        <F>Dryland horticulture</F>
        <F>Horticulture</F>
      </Row>
      <Row index="36">
        <F>353</F>
        <F>4850</F>
        <F>3.5.4 Seasonal vegetables and herbs</F>
        <F>35</F>
        <F>3.5 Seasonal horticulture</F>
        <F>3</F>
        <F>3 Production from dryland agriculture and plantations</F>
        <F>9</F>
        <F>Dryland horticulture</F>
        <F>Horticulture</F>
      </Row>
      <Row index="37">
        <F>410</F>
        <F>191</F>
        <F>4.1.0 Irrigated plantation forests</F>
        <F>41</F>
        <F>4.1 Irrigated plantation forests</F>
        <F>4</F>
        <F>4 Production from irrigated agriculture and plantations</F>
        <F>6</F>
        <F>Plantation forests</F>
        <F>Not agricultural industry</F>
      </Row>
      <Row index="38">
        <F>411</F>
        <F>1114</F>
        <F>4.1.1 Irrigated hardwood plantation forestry</F>
        <F>41</F>
        <F>4.1 Irrigated plantation forests</F>
        <F>4</F>
        <F>4 Production from irrigated agriculture and plantations</F>
        <F>6</F>
        <F>Plantation forests</F>
        <F>Not agricultural industry</F>
      </Row>
      <Row index="39">
        <F>412</F>
        <F>3</F>
        <F>4.1.2 Irrigated softwood plantation forestry</F>
        <F>41</F>
        <F>4.1 Irrigated plantation forests</F>
        <F>4</F>
        <F>4 Production from irrigated agriculture and plantations</F>
        <F>6</F>
        <F>Plantation forests</F>
        <F>Not agricultural industry</F>
      </Row>
      <Row index="40">
        <F>413</F>
        <F>1199</F>
        <F>4.1.3 Irrigated other forest production</F>
        <F>41</F>
        <F>4.1 Irrigated plantation forests</F>
        <F>4</F>
        <F>4 Production from irrigated agriculture and plantations</F>
        <F>6</F>
        <F>Plantation forests</F>
        <F>Not agricultural industry</F>
      </Row>
      <Row index="41">
        <F>414</F>
        <F>24</F>
        <F>4.1.4 Irrigated environmental forest plantation</F>
        <F>41</F>
        <F>4.1 Irrigated plantation forests</F>
        <F>4</F>
        <F>4 Production from irrigated agriculture and plantations</F>
        <F>6</F>
        <F>Plantation forests</F>
        <F>Not agricultural industry</F>
      </Row>
      <Row index="42">
        <F>420</F>
        <F>104123</F>
        <F>4.2.0 Grazing irrigated modified pastures</F>
        <F>42</F>
        <F>4.2 Grazing irrigated modified pastures</F>
        <F>4</F>
        <F>4 Production from irrigated agriculture and plantations</F>
        <F>11</F>
        <F>Irrigated pastures</F>
        <F>Grazing modified pastures</F>
      </Row>
      <Row index="43">
        <F>430</F>
        <F>19200</F>
        <F>4.3.0 Irrigated cropping</F>
        <F>43</F>
        <F>4.3 Irrigated cropping</F>
        <F>4</F>
        <F>4 Production from irrigated agriculture and plantations</F>
        <F>12</F>
        <F>Irrigated cropping</F>
        <F>Cropping</F>
      </Row>
      <Row index="44">
        <F>431</F>
        <F>72050</F>
        <F>4.3.1 Irrigated cereals</F>
        <F>43</F>
        <F>4.3 Irrigated cropping</F>
        <F>4</F>
        <F>4 Production from irrigated agriculture and plantations</F>
        <F>12</F>
        <F>Irrigated cropping</F>
        <F>Cropping</F>
      </Row>
      <Row index="45">
        <F>433</F>
        <F>44152</F>
        <F>4.3.3 Irrigated hay and silage</F>
        <F>43</F>
        <F>4.3 Irrigated cropping</F>
        <F>4</F>
        <F>4 Production from irrigated agriculture and plantations</F>
        <F>12</F>
        <F>Irrigated cropping</F>
        <F>Cropping</F>
      </Row>
      <Row index="46">
        <F>434</F>
        <F>10631</F>
        <F>4.3.4 Irrigated oilseeds</F>
        <F>43</F>
        <F>4.3 Irrigated cropping</F>
        <F>4</F>
        <F>4 Production from irrigated agriculture and plantations</F>
        <F>12</F>
        <F>Irrigated cropping</F>
        <F>Cropping</F>
      </Row>
      <Row index="47">
        <F>435</F>
        <F>23813</F>
        <F>4.3.5 Irrigated sugar</F>
        <F>43</F>
        <F>4.3 Irrigated cropping</F>
        <F>4</F>
        <F>4 Production from irrigated agriculture and plantations</F>
        <F>12</F>
        <F>Irrigated cropping</F>
        <F>Cropping</F>
      </Row>
      <Row index="48">
        <F>436</F>
        <F>45034</F>
        <F>4.3.6 Irrigated cotton</F>
        <F>43</F>
        <F>4.3 Irrigated cropping</F>
        <F>4</F>
        <F>4 Production from irrigated agriculture and plantations</F>
        <F>12</F>
        <F>Irrigated cropping</F>
        <F>Cropping</F>
      </Row>
      <Row index="49">
        <F>438</F>
        <F>5850</F>
        <F>4.3.8 Irrigated pulses</F>
        <F>43</F>
        <F>4.3 Irrigated cropping</F>
        <F>4</F>
        <F>4 Production from irrigated agriculture and plantations</F>
        <F>12</F>
        <F>Irrigated cropping</F>
        <F>Cropping</F>
      </Row>
      <Row index="50">
        <F>439</F>
        <F>10874</F>
        <F>4.3.9 Irrigated rice</F>
        <F>43</F>
        <F>4.3 Irrigated cropping</F>
        <F>4</F>
        <F>4 Production from irrigated agriculture and plantations</F>
        <F>12</F>
        <F>Irrigated cropping</F>
        <F>Cropping</F>
      </Row>
      <Row index="51">
        <F>440</F>
        <F>1216</F>
        <F>4.4.0 Irrigated perennial horticulture</F>
        <F>44</F>
        <F>4.4 Irrigated perennial horticulture</F>
        <F>4</F>
        <F>4 Production from irrigated agriculture and plantations</F>
        <F>13</F>
        <F>Irrigated horticulture</F>
        <F>Horticulture</F>
      </Row>
      <Row index="52">
        <F>441</F>
        <F>21940</F>
        <F>4.4.1 Irrigated tree fruits</F>
        <F>44</F>
        <F>4.4 Irrigated perennial horticulture</F>
        <F>4</F>
        <F>4 Production from irrigated agriculture and plantations</F>
        <F>13</F>
        <F>Irrigated horticulture</F>
        <F>Horticulture</F>
      </Row>
      <Row index="53">
        <F>442</F>
        <F>4093</F>
        <F>4.4.2 Irrigated olives</F>
        <F>44</F>
        <F>4.4 Irrigated perennial horticulture</F>
        <F>4</F>
        <F>4 Production from irrigated agriculture and plantations</F>
        <F>13</F>
        <F>Irrigated horticulture</F>
        <F>Horticulture</F>
      </Row>
      <Row index="54">
        <F>443</F>
        <F>18974</F>
        <F>4.4.3 Irrigated tree nuts</F>
        <F>44</F>
        <F>4.4 Irrigated perennial horticulture</F>
        <F>4</F>
        <F>4 Production from irrigated agriculture and plantations</F>
        <F>13</F>
        <F>Irrigated horticulture</F>
        <F>Horticulture</F>
      </Row>
      <Row index="55">
        <F>445</F>
        <F>807</F>
        <F>4.4.5 Irrigated shrub berries and fruits</F>
        <F>44</F>
        <F>4.4 Irrigated perennial horticulture</F>
        <F>4</F>
        <F>4 Production from irrigated agriculture and plantations</F>
        <F>13</F>
        <F>Irrigated horticulture</F>
        <F>Horticulture</F>
      </Row>
      <Row index="56">
        <F>448</F>
        <F>9321</F>
        <F>4.4.8 Irrigated citrus</F>
        <F>44</F>
        <F>4.4 Irrigated perennial horticulture</F>
        <F>4</F>
        <F>4 Production from irrigated agriculture and plantations</F>
        <F>13</F>
        <F>Irrigated horticulture</F>
        <F>Horticulture</F>
      </Row>
      <Row index="57">
        <F>449</F>
        <F>34172</F>
        <F>4.4.9 Irrigated grapes</F>
        <F>44</F>
        <F>4.4 Irrigated perennial horticulture</F>
        <F>4</F>
        <F>4 Production from irrigated agriculture and plantations</F>
        <F>13</F>
        <F>Irrigated horticulture</F>
        <F>Horticulture</F>
      </Row>
      <Row index="58">
        <F>453</F>
        <F>24897</F>
        <F>4.5.3 Irrigated seasonal vegetables and herbs</F>
        <F>45</F>
        <F>4.5 Irrigated seasonal horticulture</F>
        <F>4</F>
        <F>4 Production from irrigated agriculture and plantations</F>
        <F>13</F>
        <F>Irrigated horticulture</F>
        <F>Horticulture</F>
      </Row>
      <Row index="59">
        <F>510</F>
        <F>302</F>
        <F>5.1.0 Intensive horticulture</F>
        <F>51</F>
        <F>5.1 Intensive horticulture</F>
        <F>5</F>
        <F>5 Intensive uses</F>
        <F>14</F>
        <F>Intensive horticulture and animal production</F>
        <F>Intensive plant and animal industries</F>
      </Row>
      <Row index="60">
        <F>511</F>
        <F>456</F>
        <F>5.1.1 Production nurseries</F>
        <F>51</F>
        <F>5.1 Intensive horticulture</F>
        <F>5</F>
        <F>5 Intensive uses</F>
        <F>14</F>
        <F>Intensive horticulture and animal production</F>
        <F>Intensive plant and animal industries</F>
      </Row>
      <Row index="61">
        <F>512</F>
        <F>121</F>
        <F>5.1.2 Shadehouses</F>
        <F>51</F>
        <F>5.1 Intensive horticulture</F>
        <F>5</F>
        <F>5 Intensive uses</F>
        <F>14</F>
        <F>Intensive horticulture and animal production</F>
        <F>Intensive plant and animal industries</F>
      </Row>
      <Row index="62">
        <F>513</F>
        <F>812</F>
        <F>5.1.3 Glasshouses</F>
        <F>51</F>
        <F>5.1 Intensive horticulture</F>
        <F>5</F>
        <F>5 Intensive uses</F>
        <F>14</F>
        <F>Intensive horticulture and animal production</F>
        <F>Intensive plant and animal industries</F>
      </Row>
      <Row index="63">
        <F>514</F>
        <F>6</F>
        <F>5.1.4 Glasshouses (hydroponic)</F>
        <F>51</F>
        <F>5.1 Intensive horticulture</F>
        <F>5</F>
        <F>5 Intensive uses</F>
        <F>14</F>
        <F>Intensive horticulture and animal production</F>
        <F>Intensive plant and animal industries</F>
      </Row>
      <Row index="64">
        <F>515</F>
        <F>28</F>
        <F>5.1.5 Abandoned intensive horticulture</F>
        <F>51</F>
        <F>5.1 Intensive horticulture</F>
        <F>5</F>
        <F>5 Intensive uses</F>
        <F>14</F>
        <F>Intensive horticulture and animal production</F>
        <F>Intensive plant and animal industries</F>
      </Row>
      <Row index="65">
        <F>520</F>
        <F>1392</F>
        <F>5.2.0 Intensive animal production</F>
        <F>52</F>
        <F>5.2 Intensive animal production</F>
        <F>5</F>
        <F>5 Intensive uses</F>
        <F>14</F>
        <F>Intensive horticulture and animal production</F>
        <F>Intensive plant and animal industries</F>
      </Row>
      <Row index="66">
        <F>521</F>
        <F>385</F>
        <F>5.2.1 Dairy sheds and yards</F>
        <F>52</F>
        <F>5.2 Intensive animal production</F>
        <F>5</F>
        <F>5 Intensive uses</F>
        <F>14</F>
        <F>Intensive horticulture and animal production</F>
        <F>Intensive plant and animal industries</F>
      </Row>
      <Row index="67">
        <F>522</F>
        <F>1850</F>
        <F>5.2.2 Feedlots</F>
        <F>52</F>
        <F>5.2 Intensive animal production</F>
        <F>5</F>
        <F>5 Intensive uses</F>
        <F>14</F>
        <F>Intensive horticulture and animal production</F>
        <F>Intensive plant and animal industries</F>
      </Row>
      <Row index="68">
        <F>523</F>
        <F>3494</F>
        <F>5.2.3 Poultry farms</F>
        <F>52</F>
        <F>5.2 Intensive animal production</F>
        <F>5</F>
        <F>5 Intensive uses</F>
        <F>14</F>
        <F>Intensive horticulture and animal production</F>
        <F>Intensive plant and animal industries</F>
      </Row>
      <Row index="69">
        <F>524</F>
        <F>2827</F>
        <F>5.2.4 Piggeries</F>
        <F>52</F>
        <F>5.2 Intensive animal production</F>
        <F>5</F>
        <F>5 Intensive uses</F>
        <F>14</F>
        <F>Intensive horticulture and animal production</F>
        <F>Intensive plant and animal industries</F>
      </Row>
      <Row index="70">
        <F>525</F>
        <F>1742</F>
        <F>5.2.5 Aquaculture</F>
        <F>52</F>
        <F>5.2 Intensive animal production</F>
        <F>5</F>
        <F>5 Intensive uses</F>
        <F>14</F>
        <F>Intensive horticulture and animal production</F>
        <F>Intensive plant and animal industries</F>
      </Row>
      <Row index="71">
        <F>526</F>
        <F>7606</F>
        <F>5.2.6 Horse studs</F>
        <F>52</F>
        <F>5.2 Intensive animal production</F>
        <F>5</F>
        <F>5 Intensive uses</F>
        <F>14</F>
        <F>Intensive horticulture and animal production</F>
        <F>Intensive plant and animal industries</F>
      </Row>
      <Row index="72">
        <F>527</F>
        <F>322</F>
        <F>5.2.7 Saleyards/stockyards</F>
        <F>52</F>
        <F>5.2 Intensive animal production</F>
        <F>5</F>
        <F>5 Intensive uses</F>
        <F>14</F>
        <F>Intensive horticulture and animal production</F>
        <F>Intensive plant and animal industries</F>
      </Row>
      <Row index="73">
        <F>528</F>
        <F>196</F>
        <F>5.2.8 Abandoned intensive animal production</F>
        <F>52</F>
        <F>5.2 Intensive animal production</F>
        <F>5</F>
        <F>5 Intensive uses</F>
        <F>14</F>
        <F>Intensive horticulture and animal production</F>
        <F>Intensive plant and animal industries</F>
      </Row>
      <Row index="74">
        <F>530</F>
        <F>18464</F>
        <F>5.3.0 Manufacturing and industrial</F>
        <F>53</F>
        <F>5.3 Manufacturing and industrial</F>
        <F>5</F>
        <F>5 Intensive uses</F>
        <F>17</F>
        <F>Other intensive uses</F>
        <F>Not agricultural industry</F>
      </Row>
      <Row index="75">
        <F>531</F>
        <F>2341</F>
        <F>5.3.1 General purpose factory</F>
        <F>53</F>
        <F>5.3 Manufacturing and industrial</F>
        <F>5</F>
        <F>5 Intensive uses</F>
        <F>17</F>
        <F>Other intensive uses</F>
        <F>Not agricultural industry</F>
      </Row>
      <Row index="76">
        <F>532</F>
        <F>467</F>
        <F>5.3.2 Food processing factory</F>
        <F>53</F>
        <F>5.3 Manufacturing and industrial</F>
        <F>5</F>
        <F>5 Intensive uses</F>
        <F>17</F>
        <F>Other intensive uses</F>
        <F>Not agricultural industry</F>
      </Row>
      <Row index="77">
        <F>533</F>
        <F>1351</F>
        <F>5.3.3 Major industrial complex</F>
        <F>53</F>
        <F>5.3 Manufacturing and industrial</F>
        <F>5</F>
        <F>5 Intensive uses</F>
        <F>17</F>
        <F>Other intensive uses</F>
        <F>Not agricultural industry</F>
      </Row>
      <Row index="78">
        <F>534</F>
        <F>913</F>
        <F>5.3.4 Bulk grain storage</F>
        <F>53</F>
        <F>5.3 Manufacturing and industrial</F>
        <F>5</F>
        <F>5 Intensive uses</F>
        <F>17</F>
        <F>Other intensive uses</F>
        <F>Not agricultural industry</F>
      </Row>
      <Row index="79">
        <F>535</F>
        <F>424</F>
        <F>5.3.5 Abattoirs</F>
        <F>53</F>
        <F>5.3 Manufacturing and industrial</F>
        <F>5</F>
        <F>5 Intensive uses</F>
        <F>17</F>
        <F>Other intensive uses</F>
        <F>Not agricultural industry</F>
      </Row>
      <Row index="80">
        <F>536</F>
        <F>180</F>
        <F>5.3.6 Oil refinery</F>
        <F>53</F>
        <F>5.3 Manufacturing and industrial</F>
        <F>5</F>
        <F>5 Intensive uses</F>
        <F>17</F>
        <F>Other intensive uses</F>
        <F>Not agricultural industry</F>
      </Row>
      <Row index="81">
        <F>537</F>
        <F>272</F>
        <F>5.3.7 Sawmill</F>
        <F>53</F>
        <F>5.3 Manufacturing and industrial</F>
        <F>5</F>
        <F>5 Intensive uses</F>
        <F>17</F>
        <F>Other intensive uses</F>
        <F>Not agricultural industry</F>
      </Row>
      <Row index="82">
        <F>538</F>
        <F>1697</F>
        <F>5.3.8 Abandoned manufacturing and industrial</F>
        <F>53</F>
        <F>5.3 Manufacturing and industrial</F>
        <F>5</F>
        <F>5 Intensive uses</F>
        <F>17</F>
        <F>Other intensive uses</F>
        <F>Not agricultural industry</F>
      </Row>
      <Row index="83">
        <F>540</F>
        <F>13097</F>
        <F>5.4.0 Residential and farm infrastructure</F>
        <F>54</F>
        <F>5.4.0; 5.4.1 Urban residential</F>
        <F>5</F>
        <F>5 Intensive uses</F>
        <F>16</F>
        <F>Urban residential</F>
        <F>Not agricultural industry</F>
      </Row>
      <Row index="84">
        <F>541</F>
        <F>236289</F>
        <F>5.4.1 Urban residential</F>
        <F>54</F>
        <F>5.4.0; 5.4.1 Urban residential</F>
        <F>5</F>
        <F>5 Intensive uses</F>
        <F>16</F>
        <F>Urban residential</F>
        <F>Not agricultural industry</F>
      </Row>
      <Row index="85">
        <F>542</F>
        <F>136177</F>
        <F>5.4.2 Rural residential with agriculture</F>
        <F>70</F>
        <F>5.4.2; 5.4.3; 5.4.4; 5.4.5 Rural residential and farm infrastructure</F>
        <F>5</F>
        <F>5 Intensive uses</F>
        <F>15</F>
        <F>Rural residential and farm infrastructure</F>
        <F>Not agricultural industry</F>
      </Row>
      <Row index="86">
        <F>543</F>
        <F>207525</F>
        <F>5.4.3 Rural residential without agriculture</F>
        <F>70</F>
        <F>5.4.2; 5.4.3; 5.4.4; 5.4.5 Rural residential and farm infrastructure</F>
        <F>5</F>
        <F>5 Intensive uses</F>
        <F>15</F>
        <F>Rural residential and farm infrastructure</F>
        <F>Not agricultural industry</F>
      </Row>
      <Row index="87">
        <F>544</F>
        <F>1461</F>
        <F>5.4.4 Remote communities</F>
        <F>70</F>
        <F>5.4.2; 5.4.3; 5.4.4; 5.4.5 Rural residential and farm infrastructure</F>
        <F>5</F>
        <F>5 Intensive uses</F>
        <F>15</F>
        <F>Rural residential and farm infrastructure</F>
        <F>Not agricultural industry</F>
      </Row>
      <Row index="88">
        <F>545</F>
        <F>14805</F>
        <F>5.4.5 Farm buildings/infrastructure</F>
        <F>70</F>
        <F>5.4.2; 5.4.3; 5.4.4; 5.4.5 Rural residential and farm infrastructure</F>
        <F>5</F>
        <F>5 Intensive uses</F>
        <F>15</F>
        <F>Rural residential and farm infrastructure</F>
        <F>Not agricultural industry</F>
      </Row>
      <Row index="89">
        <F>550</F>
        <F>2653</F>
        <F>5.5.0 Services</F>
        <F>55</F>
        <F>5.5 Services</F>
        <F>5</F>
        <F>5 Intensive uses</F>
        <F>17</F>
        <F>Other intensive uses</F>
        <F>Not agricultural industry</F>
      </Row>
      <Row index="90">
        <F>551</F>
        <F>18555</F>
        <F>5.5.1 Commercial services</F>
        <F>55</F>
        <F>5.5 Services</F>
        <F>5</F>
        <F>5 Intensive uses</F>
        <F>17</F>
        <F>Other intensive uses</F>
        <F>Not agricultural industry</F>
      </Row>
      <Row index="91">
        <F>552</F>
        <F>18976</F>
        <F>5.5.2 Public services</F>
        <F>55</F>
        <F>5.5 Services</F>
        <F>5</F>
        <F>5 Intensive uses</F>
        <F>17</F>
        <F>Other intensive uses</F>
        <F>Not agricultural industry</F>
      </Row>
      <Row index="92">
        <F>553</F>
        <F>65544</F>
        <F>5.5.3 Recreation and culture</F>
        <F>55</F>
        <F>5.5 Services</F>
        <F>5</F>
        <F>5 Intensive uses</F>
        <F>17</F>
        <F>Other intensive uses</F>
        <F>Not agricultural industry</F>
      </Row>
      <Row index="93">
        <F>554</F>
        <F>8242</F>
        <F>5.5.4 Defence facilities - urban</F>
        <F>55</F>
        <F>5.5 Services</F>
        <F>5</F>
        <F>5 Intensive uses</F>
        <F>17</F>
        <F>Other intensive uses</F>
        <F>Not agricultural industry</F>
      </Row>
      <Row index="94">
        <F>555</F>
        <F>1260</F>
        <F>5.5.5 Research facilities</F>
        <F>55</F>
        <F>5.5 Services</F>
        <F>5</F>
        <F>5 Intensive uses</F>
        <F>17</F>
        <F>Other intensive uses</F>
        <F>Not agricultural industry</F>
      </Row>
      <Row index="95">
        <F>560</F>
        <F>667</F>
        <F>5.6.0 Utilities</F>
        <F>56</F>
        <F>5.6 Utilities</F>
        <F>5</F>
        <F>5 Intensive uses</F>
        <F>17</F>
        <F>Other intensive uses</F>
        <F>Not agricultural industry</F>
      </Row>
      <Row index="96">
        <F>561</F>
        <F>512</F>
        <F>5.6.1 Fuel powered electricity generation</F>
        <F>56</F>
        <F>5.6 Utilities</F>
        <F>5</F>
        <F>5 Intensive uses</F>
        <F>17</F>
        <F>Other intensive uses</F>
        <F>Not agricultural industry</F>
      </Row>
      <Row index="97">
        <F>562</F>
        <F>22</F>
        <F>5.6.2 Hydro electricity generation</F>
        <F>56</F>
        <F>5.6 Utilities</F>
        <F>5</F>
        <F>5 Intensive uses</F>
        <F>17</F>
        <F>Other intensive uses</F>
        <F>Not agricultural industry</F>
      </Row>
      <Row index="98">
        <F>563</F>
        <F>968</F>
        <F>5.6.3 Wind electricity generation</F>
        <F>56</F>
        <F>5.6 Utilities</F>
        <F>5</F>
        <F>5 Intensive uses</F>
        <F>17</F>
        <F>Other intensive uses</F>
        <F>Not agricultural industry</F>
      </Row>
      <Row index="99">
        <F>564</F>
        <F>1308</F>
        <F>5.6.4 Solar electricity generation</F>
        <F>56</F>
        <F>5.6 Utilities</F>
        <F>5</F>
        <F>5 Intensive uses</F>
        <F>17</F>
        <F>Other intensive uses</F>
        <F>Not agricultural industry</F>
      </Row>
      <Row index="100">
        <F>565</F>
        <F>976</F>
        <F>5.6.5 Electricity substations and transmission</F>
        <F>56</F>
        <F>5.6 Utilities</F>
        <F>5</F>
        <F>5 Intensive uses</F>
        <F>17</F>
        <F>Other intensive uses</F>
        <F>Not agricultural industry</F>
      </Row>
      <Row index="101">
        <F>566</F>
        <F>1033</F>
        <F>5.6.6 Gas treatment, storage and transmission</F>
        <F>56</F>
        <F>5.6 Utilities</F>
        <F>5</F>
        <F>5 Intensive uses</F>
        <F>17</F>
        <F>Other intensive uses</F>
        <F>Not agricultural industry</F>
      </Row>
      <Row index="102">
        <F>567</F>
        <F>1111</F>
        <F>5.6.7 Water extraction and transmission</F>
        <F>56</F>
        <F>5.6 Utilities</F>
        <F>5</F>
        <F>5 Intensive uses</F>
        <F>17</F>
        <F>Other intensive uses</F>
        <F>Not agricultural industry</F>
      </Row>
      <Row index="103">
        <F>570</F>
        <F>2264</F>
        <F>5.7.0 Transport and communication</F>
        <F>57</F>
        <F>5.7 Transport and communication</F>
        <F>5</F>
        <F>5 Intensive uses</F>
        <F>17</F>
        <F>Other intensive uses</F>
        <F>Not agricultural industry</F>
      </Row>
      <Row index="104">
        <F>571</F>
        <F>13855</F>
        <F>5.7.1 Airports/aerodromes</F>
        <F>57</F>
        <F>5.7 Transport and communication</F>
        <F>5</F>
        <F>5 Intensive uses</F>
        <F>17</F>
        <F>Other intensive uses</F>
        <F>Not agricultural industry</F>
      </Row>
      <Row index="105">
        <F>572</F>
        <F>7254</F>
        <F>5.7.2 Roads</F>
        <F>57</F>
        <F>5.7 Transport and communication</F>
        <F>5</F>
        <F>5 Intensive uses</F>
        <F>17</F>
        <F>Other intensive uses</F>
        <F>Not agricultural industry</F>
      </Row>
      <Row index="106">
        <F>573</F>
        <F>737</F>
        <F>5.7.3 Railways</F>
        <F>57</F>
        <F>5.7 Transport and communication</F>
        <F>5</F>
        <F>5 Intensive uses</F>
        <F>17</F>
        <F>Other intensive uses</F>
        <F>Not agricultural industry</F>
      </Row>
      <Row index="107">
        <F>574</F>
        <F>383</F>
        <F>5.7.4 Ports and water transport</F>
        <F>57</F>
        <F>5.7 Transport and communication</F>
        <F>5</F>
        <F>5 Intensive uses</F>
        <F>17</F>
        <F>Other intensive uses</F>
        <F>Not agricultural industry</F>
      </Row>
      <Row index="108">
        <F>575</F>
        <F>2833</F>
        <F>5.7.5 Navigation and communication</F>
        <F>57</F>
        <F>5.7 Transport and communication</F>
        <F>5</F>
        <F>5 Intensive uses</F>
        <F>17</F>
        <F>Other intensive uses</F>
        <F>Not agricultural industry</F>
      </Row>
      <Row index="109">
        <F>580</F>
        <F>35379</F>
        <F>5.8.0 Mining</F>
        <F>58</F>
        <F>5.8 Mining</F>
        <F>5</F>
        <F>5 Intensive uses</F>
        <F>18</F>
        <F>Mining and waste</F>
        <F>Not agricultural industry</F>
      </Row>
      <Row index="110">
        <F>581</F>
        <F>37355</F>
        <F>5.8.1 Mines</F>
        <F>58</F>
        <F>5.8 Mining</F>
        <F>5</F>
        <F>5 Intensive uses</F>
        <F>18</F>
        <F>Mining and waste</F>
        <F>Not agricultural industry</F>
      </Row>
      <Row index="111">
        <F>582</F>
        <F>13257</F>
        <F>5.8.2 Quarries</F>
        <F>58</F>
        <F>5.8 Mining</F>
        <F>5</F>
        <F>5 Intensive uses</F>
        <F>18</F>
        <F>Mining and waste</F>
        <F>Not agricultural industry</F>
      </Row>
      <Row index="112">
        <F>583</F>
        <F>3442</F>
        <F>5.8.3 Tailings</F>
        <F>58</F>
        <F>5.8 Mining</F>
        <F>5</F>
        <F>5 Intensive uses</F>
        <F>18</F>
        <F>Mining and waste</F>
        <F>Not agricultural industry</F>
      </Row>
      <Row index="113">
        <F>584</F>
        <F>12193</F>
        <F>5.8.4 Extractive industry not in use</F>
        <F>58</F>
        <F>5.8 Mining</F>
        <F>5</F>
        <F>5 Intensive uses</F>
        <F>18</F>
        <F>Mining and waste</F>
        <F>Not agricultural industry</F>
      </Row>
      <Row index="114">
        <F>590</F>
        <F>1713</F>
        <F>5.9.0 Waste treatment and disposal</F>
        <F>59</F>
        <F>5.9 Waste treatment and disposal</F>
        <F>5</F>
        <F>5 Intensive uses</F>
        <F>18</F>
        <F>Mining and waste</F>
        <F>Not agricultural industry</F>
      </Row>
      <Row index="115">
        <F>591</F>
        <F>3876</F>
        <F>5.9.1 Effluent pond</F>
        <F>59</F>
        <F>5.9 Waste treatment and disposal</F>
        <F>5</F>
        <F>5 Intensive uses</F>
        <F>18</F>
        <F>Mining and waste</F>
        <F>Not agricultural industry</F>
      </Row>
      <Row index="116">
        <F>592</F>
        <F>1299</F>
        <F>5.9.2 Landfill</F>
        <F>59</F>
        <F>5.9 Waste treatment and disposal</F>
        <F>5</F>
        <F>5 Intensive uses</F>
        <F>18</F>
        <F>Mining and waste</F>
        <F>Not agricultural industry</F>
      </Row>
      <Row index="117">
        <F>593</F>
        <F>484</F>
        <F>5.9.3 Solid garbage</F>
        <F>59</F>
        <F>5.9 Waste treatment and disposal</F>
        <F>5</F>
        <F>5 Intensive uses</F>
        <F>18</F>
        <F>Mining and waste</F>
        <F>Not agricultural industry</F>
      </Row>
      <Row index="118">
        <F>595</F>
        <F>2519</F>
        <F>5.9.5 Sewage/sewerage</F>
        <F>59</F>
        <F>5.9 Waste treatment and disposal</F>
        <F>5</F>
        <F>5 Intensive uses</F>
        <F>18</F>
        <F>Mining and waste</F>
        <F>Not agricultural industry</F>
      </Row>
      <Row index="119">
        <F>600</F>
        <F>9454</F>
        <F>6.0.0 Water</F>
        <F>62</F>
        <F>6.0 Water</F>
        <F>6</F>
        <F>6 Water</F>
        <F>19</F>
        <F>Water</F>
        <F>Not agricultural industry</F>
      </Row>
      <Row index="120">
        <F>610</F>
        <F>828994</F>
        <F>6.1.0 Lake</F>
        <F>61</F>
        <F>6.1 Lake</F>
        <F>6</F>
        <F>6 Water</F>
        <F>19</F>
        <F>Water</F>
        <F>Not agricultural industry</F>
      </Row>
      <Row index="121">
        <F>611</F>
        <F>810218</F>
        <F>6.1.1 Lake - conservation</F>
        <F>61</F>
        <F>6.1 Lake</F>
        <F>6</F>
        <F>6 Water</F>
        <F>19</F>
        <F>Water</F>
        <F>Not agricultural industry</F>
      </Row>
      <Row index="122">
        <F>612</F>
        <F>59968</F>
        <F>6.1.2 Lake - production</F>
        <F>61</F>
        <F>6.1 Lake</F>
        <F>6</F>
        <F>6 Water</F>
        <F>19</F>
        <F>Water</F>
        <F>Not agricultural industry</F>
      </Row>
      <Row index="123">
        <F>613</F>
        <F>374</F>
        <F>6.1.3 Lake - intensive use</F>
        <F>61</F>
        <F>6.1 Lake</F>
        <F>6</F>
        <F>6 Water</F>
        <F>19</F>
        <F>Water</F>
        <F>Not agricultural industry</F>
      </Row>
      <Row index="124">
        <F>614</F>
        <F>410</F>
        <F>6.1.4 Lake - saline</F>
        <F>61</F>
        <F>6.1 Lake</F>
        <F>6</F>
        <F>6 Water</F>
        <F>19</F>
        <F>Water</F>
        <F>Not agricultural industry</F>
      </Row>
      <Row index="125">
        <F>620</F>
        <F>17601</F>
        <F>6.2.0 Reservoir/dam</F>
        <F>62</F>
        <F>6.2 Reservoir/dam</F>
        <F>6</F>
        <F>6 Water</F>
        <F>19</F>
        <F>Water</F>
        <F>Not agricultural industry</F>
      </Row>
      <Row index="126">
        <F>621</F>
        <F>110637</F>
        <F>6.2.1 Reservoir</F>
        <F>62</F>
        <F>6.2 Reservoir/dam</F>
        <F>6</F>
        <F>6 Water</F>
        <F>19</F>
        <F>Water</F>
        <F>Not agricultural industry</F>
      </Row>
      <Row index="127">
        <F>622</F>
        <F>22754</F>
        <F>6.2.2 Water storage - intensive use/farm dams</F>
        <F>62</F>
        <F>6.2 Reservoir/dam</F>
        <F>6</F>
        <F>6 Water</F>
        <F>19</F>
        <F>Water</F>
        <F>Not agricultural industry</F>
      </Row>
      <Row index="128">
        <F>623</F>
        <F>5839</F>
        <F>6.2.3 Evaporation basin</F>
        <F>62</F>
        <F>6.2 Reservoir/dam</F>
        <F>6</F>
        <F>6 Water</F>
        <F>19</F>
        <F>Water</F>
        <F>Not agricultural industry</F>
      </Row>
      <Row index="129">
        <F>630</F>
        <F>361559</F>
        <F>6.3.0 River</F>
        <F>63</F>
        <F>6.3 River</F>
        <F>6</F>
        <F>6 Water</F>
        <F>19</F>
        <F>Water</F>
        <F>Not agricultural industry</F>
      </Row>
      <Row index="130">
        <F>631</F>
        <F>46713</F>
        <F>6.3.1 River - conservation</F>
        <F>63</F>
        <F>6.3 River</F>
        <F>6</F>
        <F>6 Water</F>
        <F>19</F>
        <F>Water</F>
        <F>Not agricultural industry</F>
      </Row>
      <Row index="131">
        <F>632</F>
        <F>14</F>
        <F>6.3.2 River - production</F>
        <F>63</F>
        <F>6.3 River</F>
        <F>6</F>
        <F>6 Water</F>
        <F>19</F>
        <F>Water</F>
        <F>Not agricultural industry</F>
      </Row>
      <Row index="132">
        <F>633</F>
        <F>1860</F>
        <F>6.3.3 River - intensive use</F>
        <F>63</F>
        <F>6.3 River</F>
        <F>6</F>
        <F>6 Water</F>
        <F>19</F>
        <F>Water</F>
        <F>Not agricultural industry</F>
      </Row>
      <Row index="133">
        <F>640</F>
        <F>1283</F>
        <F>6.4.0 Channel/aqueduct</F>
        <F>64</F>
        <F>6.4 Channel/aqueduct</F>
        <F>6</F>
        <F>6 Water</F>
        <F>19</F>
        <F>Water</F>
        <F>Not agricultural industry</F>
      </Row>
      <Row index="134">
        <F>641</F>
        <F>126</F>
        <F>6.4.1 Supply channel/aqueduct</F>
        <F>64</F>
        <F>6.4 Channel/aqueduct</F>
        <F>6</F>
        <F>6 Water</F>
        <F>19</F>
        <F>Water</F>
        <F>Not agricultural industry</F>
      </Row>
      <Row index="135">
        <F>642</F>
        <F>381</F>
        <F>6.4.2 Drainage channel/aqueduct</F>
        <F>64</F>
        <F>6.4 Channel/aqueduct</F>
        <F>6</F>
        <F>6 Water</F>
        <F>19</F>
        <F>Water</F>
        <F>Not agricultural industry</F>
      </Row>
      <Row index="136">
        <F>643</F>
        <F>17</F>
        <F>6.4.3 Stormwater</F>
        <F>64</F>
        <F>6.4 Channel/aqueduct</F>
        <F>6</F>
        <F>6 Water</F>
        <F>19</F>
        <F>Water</F>
        <F>Not agricultural industry</F>
      </Row>
      <Row index="137">
        <F>650</F>
        <F>399854</F>
        <F>6.5.0 Marsh/wetland</F>
        <F>65</F>
        <F>6.5 Marsh/wetland</F>
        <F>6</F>
        <F>6 Water</F>
        <F>19</F>
        <F>Water</F>
        <F>Not agricultural industry</F>
      </Row>
      <Row index="138">
        <F>651</F>
        <F>366675</F>
        <F>6.5.1 Marsh/wetland - conservation</F>
        <F>65</F>
        <F>6.5 Marsh/wetland</F>
        <F>6</F>
        <F>6 Water</F>
        <F>19</F>
        <F>Water</F>
        <F>Not agricultural industry</F>
      </Row>
      <Row index="139">
        <F>652</F>
        <F>761819</F>
        <F>6.5.2 Marsh/wetland - production</F>
        <F>65</F>
        <F>6.5 Marsh/wetland</F>
        <F>6</F>
        <F>6 Water</F>
        <F>19</F>
        <F>Water</F>
        <F>Not agricultural industry</F>
      </Row>
      <Row index="140">
        <F>653</F>
        <F>605</F>
        <F>6.5.3 Marsh/wetland - intensive use</F>
        <F>65</F>
        <F>6.5 Marsh/wetland</F>
        <F>6</F>
        <F>6 Water</F>
        <F>19</F>
        <F>Water</F>
        <F>Not agricultural industry</F>
      </Row>
      <Row index="141">
        <F>654</F>
        <F>14109</F>
        <F>6.5.4 Marsh/wetland - saline</F>
        <F>65</F>
        <F>6.5 Marsh/wetland</F>
        <F>6</F>
        <F>6 Water</F>
        <F>19</F>
        <F>Water</F>
        <F>Not agricultural industry</F>
      </Row>
      <Row index="142">
        <F>660</F>
        <F>168075</F>
        <F>6.6.0 Estuary/coastal waters</F>
        <F>66</F>
        <F>6.6 Estuary/coastal waters</F>
        <F>6</F>
        <F>6 Water</F>
        <F>19</F>
        <F>Water</F>
        <F>Not agricultural industry</F>
      </Row>
      <Row index="143">
        <F>661</F>
        <F>280340</F>
        <F>6.6.1 Estuary/coastal waters - conservation</F>
        <F>66</F>
        <F>6.6 Estuary/coastal waters</F>
        <F>6</F>
        <F>6 Water</F>
        <F>19</F>
        <F>Water</F>
        <F>Not agricultural industry</F>
      </Row>
      <Row index="144">
        <F>662</F>
        <F>329</F>
        <F>6.6.2 Estuary/coastal waters - production</F>
        <F>66</F>
        <F>6.6 Estuary/coastal waters</F>
        <F>6</F>
        <F>6 Water</F>
        <F>19</F>
        <F>Water</F>
        <F>Not agricultural industry</F>
      </Row>
      <Row index="145">
        <F>663</F>
        <F>389</F>
        <F>6.6.3 Estuary/coastal waters - intensive use</F>
        <F>66</F>
        <F>6.6 Estuary/coastal waters</F>
        <F>6</F>
        <F>6 Water</F>
        <F>19</F>
        <F>Water</F>
        <F>Not agricultural industry</F>
      </Row>
    </GDALRasterAttributeTable>
    <Metadata>
      <MDI key="STATISTICS_COVARIANCES">11751.97437872106</MDI>
      <MDI key="STATISTICS_EXCLUDEDVALUES"></MDI>
      <MDI key="STATISTICS_MAXIMUM">663</MDI>
      <MDI key="STATISTICS_MEAN">206.31684080837</MDI>
      <MDI key="STATISTICS_MEDIAN">208.411765</MDI>
      <MDI key="STATISTICS_MINIMUM">111</MDI>
      <MDI key="STATISTICS_SKIPFACTORX">1</MDI>
      <MDI key="STATISTICS_SKIPFACTORY">1</MDI>
      <MDI key="STATISTICS_STDDEV">108.40652369079</MDI>
    </Metadata>
  </PAMRasterBand>
</PAMDataset>
